transaction_id,invoice_id,branch,city
1,750-67-8428,A,Yangon
2,226-31-3081,C,Naypyitaw
3,631-41-3108,A,Yangon
4,123-19-1176,A,Yangon
5,373-73-7910,A,Yangon
6,699-14-3026,C,Naypyitaw
7,355-53-5943,A,Yangon
8,315-22-5665,C,Naypyitaw
9,665-32-9167,A,Yangon
10,692-92-5582,B,Mandalay
11,351-62-0822,B,Mandalay
12,529-56-3974,B,Mandalay
13,365-64-0515,A,Yangon
14,252-56-2699,A,Yangon
15,829-34-3910,A,Yangon
16,299-46-1805,B,Mandalay
17,656-95-9349,A,Yangon
18,765-26-6951,A,Yangon
19,329-62-1586,A,Yangon
20,319-50-3348,B,Mandalay
21,300-71-4605,C,Naypyitaw
22,371-85-5789,B,Mandalay
23,273-16-6619,B,Mandalay
24,636-48-8204,A,Yangon
25,549-59-1358,A,Yangon
26,227-03-5010,A,Yangon
27,649-29-6775,B,Mandalay
28,189-17-4241,A,Yangon
29,145-94-9061,B,Mandalay
30,848-62-7243,A,Yangon
31,871-79-8483,B,Mandalay
32,149-71-6266,B,Mandalay
33,640-49-2076,B,Mandalay
34,595-11-5460,A,Yangon
35,183-56-6882,C,Naypyitaw
36,232-16-2483,C,Naypyitaw
37,129-29-8530,A,Yangon
38,272-65-1806,A,Yangon
39,333-73-7901,C,Naypyitaw
40,777-82-7220,B,Mandalay
41,280-35-5823,B,Mandalay
42,554-53-8700,C,Naypyitaw
43,354-25-5821,B,Mandalay
44,228-96-1411,C,Naypyitaw
45,617-15-4209,C,Naypyitaw
46,132-32-9879,B,Mandalay
47,370-41-7321,B,Mandalay
48,727-46-3608,B,Mandalay
49,669-54-1719,B,Mandalay
50,574-22-5561,C,Naypyitaw
51,326-78-5178,C,Naypyitaw
52,162-48-8011,A,Yangon
53,616-24-2851,B,Mandalay
54,778-71-5554,C,Naypyitaw
55,242-55-6721,B,Mandalay
56,399-46-5918,C,Naypyitaw
57,106-35-6779,A,Yangon
58,635-40-6220,A,Yangon
59,817-48-8732,A,Yangon
60,120-06-4233,C,Naypyitaw
61,285-68-5083,C,Naypyitaw
62,803-83-5989,C,Naypyitaw
63,347-34-2234,B,Mandalay
64,199-75-8169,A,Yangon
65,853-23-2453,B,Mandalay
66,877-22-3308,A,Yangon
67,838-78-4295,C,Naypyitaw
68,109-28-2512,B,Mandalay
69,232-11-3025,A,Yangon
70,382-03-4532,A,Yangon
71,393-65-2792,C,Naypyitaw
72,796-12-2025,C,Naypyitaw
73,510-95-6347,B,Mandalay
74,841-35-6630,C,Naypyitaw
75,287-21-9091,A,Yangon
76,732-94-0499,C,Naypyitaw
77,263-10-3913,C,Naypyitaw
78,381-20-0914,A,Yangon
79,829-49-1914,C,Naypyitaw
80,756-01-7507,C,Naypyitaw
81,870-72-4431,C,Naypyitaw
82,847-38-7188,B,Mandalay
83,480-63-2856,C,Naypyitaw
84,787-56-0757,C,Naypyitaw
85,360-39-5055,C,Naypyitaw
86,730-50-9884,C,Naypyitaw
87,362-58-8315,C,Naypyitaw
88,633-44-8566,A,Yangon
89,504-35-8843,A,Yangon
90,318-68-5053,B,Mandalay
91,565-80-5980,C,Naypyitaw
92,225-32-0908,C,Naypyitaw
93,873-51-0671,A,Yangon
94,152-08-9985,B,Mandalay
95,512-91-0811,C,Naypyitaw
96,594-34-4444,A,Yangon
97,766-85-7061,B,Mandalay
98,871-39-9221,C,Naypyitaw
99,865-92-6136,A,Yangon
100,733-01-9107,B,Mandalay
101,163-56-7055,C,Naypyitaw
102,189-98-2939,C,Naypyitaw
103,551-21-3069,C,Naypyitaw
104,212-62-1842,A,Yangon
105,716-39-1409,B,Mandalay
106,704-48-3927,A,Yangon
107,628-34-3388,C,Naypyitaw
108,630-74-5166,A,Yangon
109,588-01-7461,C,Naypyitaw
110,861-77-0145,C,Naypyitaw
111,479-26-8945,B,Mandalay
112,210-67-5886,C,Naypyitaw
113,227-78-1148,B,Mandalay
114,645-44-1170,A,Yangon
115,237-01-6122,C,Naypyitaw
116,225-98-1496,C,Naypyitaw
117,291-32-1427,B,Mandalay
118,659-65-8956,B,Mandalay
119,642-32-2990,A,Yangon
120,378-24-2715,B,Mandalay
121,638-60-7125,A,Yangon
122,659-36-1684,C,Naypyitaw
123,219-22-9386,B,Mandalay
124,336-78-2147,C,Naypyitaw
125,268-27-6179,B,Mandalay
126,668-90-8900,A,Yangon
127,870-54-3162,A,Yangon
128,189-08-9157,C,Naypyitaw
129,663-86-9076,C,Naypyitaw
130,549-84-7482,B,Mandalay
131,191-10-6171,B,Mandalay
132,802-70-5316,A,Yangon
133,695-51-0018,B,Mandalay
134,590-83-4591,B,Mandalay
135,483-71-1164,C,Naypyitaw
136,597-78-7908,C,Naypyitaw
137,700-81-1757,A,Yangon
138,354-39-5160,A,Yangon
139,241-72-9525,B,Mandalay
140,575-30-8091,A,Yangon
141,731-81-9469,C,Naypyitaw
142,280-17-4359,C,Naypyitaw
143,338-65-2210,C,Naypyitaw
144,488-25-4221,C,Naypyitaw
145,239-10-7476,A,Yangon
146,458-41-1477,C,Naypyitaw
147,685-64-1609,A,Yangon
148,568-90-5112,C,Naypyitaw
149,262-47-2794,B,Mandalay
150,238-49-0436,A,Yangon
151,608-96-3517,B,Mandalay
152,584-86-7256,C,Naypyitaw
153,746-94-0204,A,Yangon
154,214-17-6927,C,Naypyitaw
155,400-89-4171,C,Naypyitaw
156,782-95-9291,A,Yangon
157,279-74-2924,B,Mandalay
158,307-85-2293,B,Mandalay
159,743-04-1105,B,Mandalay
160,423-57-2993,B,Mandalay
161,894-41-5205,C,Naypyitaw
162,275-28-0149,A,Yangon
163,101-17-6199,A,Yangon
164,423-80-0988,C,Naypyitaw
165,548-46-9322,B,Mandalay
166,505-02-0892,B,Mandalay
167,234-65-2137,C,Naypyitaw
168,687-47-8271,A,Yangon
169,796-32-9050,A,Yangon
170,105-31-1824,A,Yangon
171,249-42-3782,A,Yangon
172,316-55-4634,B,Mandalay
173,733-33-4967,C,Naypyitaw
174,608-27-6295,B,Mandalay
175,414-12-7047,B,Mandalay
176,827-26-2100,A,Yangon
177,175-54-2529,A,Yangon
178,139-52-2867,C,Naypyitaw
179,407-63-8975,A,Yangon
180,342-65-4817,C,Naypyitaw
181,130-98-8941,C,Naypyitaw
182,434-83-9547,C,Naypyitaw
183,851-28-6367,A,Yangon
184,824-88-3614,C,Naypyitaw
185,586-25-0848,A,Yangon
186,895-66-0685,B,Mandalay
187,305-14-0245,B,Mandalay
188,732-04-5373,B,Mandalay
189,400-60-7251,A,Yangon
190,593-65-1552,C,Naypyitaw
191,284-34-9626,B,Mandalay
192,437-58-8131,B,Mandalay
193,286-43-6208,C,Naypyitaw
194,641-43-2399,B,Mandalay
195,831-07-6050,A,Yangon
196,556-86-3144,C,Naypyitaw
197,848-24-9445,C,Naypyitaw
198,856-22-8149,A,Yangon
199,699-01-4164,C,Naypyitaw
200,420-11-4919,C,Naypyitaw
201,606-80-4905,C,Naypyitaw
202,542-41-0513,B,Mandalay
203,426-39-2418,C,Naypyitaw
204,875-46-5808,B,Mandalay
205,394-43-4238,B,Mandalay
206,749-24-1565,A,Yangon
207,672-51-8681,C,Naypyitaw
208,263-87-5680,C,Naypyitaw
209,573-58-9734,B,Mandalay
210,817-69-8206,B,Mandalay
211,888-02-0338,A,Yangon
212,677-11-0152,C,Naypyitaw
213,142-63-6033,B,Mandalay
214,656-16-1063,B,Mandalay
215,891-58-8335,B,Mandalay
216,802-43-8934,A,Yangon
217,560-30-5617,B,Mandalay
218,319-74-2561,A,Yangon
219,549-03-9315,B,Mandalay
220,790-29-1172,B,Mandalay
221,239-36-3640,B,Mandalay
222,468-01-2051,B,Mandalay
223,389-25-3394,C,Naypyitaw
224,279-62-1445,C,Naypyitaw
225,213-72-6612,A,Yangon
226,746-68-6593,C,Naypyitaw
227,836-82-5858,B,Mandalay
228,583-72-1480,C,Naypyitaw
229,466-61-5506,B,Mandalay
230,721-86-6247,A,Yangon
231,289-65-5721,B,Mandalay
232,545-46-3100,B,Mandalay
233,418-02-5978,B,Mandalay
234,269-04-5750,B,Mandalay
235,157-13-5295,A,Yangon
236,645-78-8093,A,Yangon
237,211-30-9270,C,Naypyitaw
238,755-12-3214,C,Naypyitaw
239,346-84-3103,B,Mandalay
240,478-06-7835,A,Yangon
241,540-11-4336,A,Yangon
242,448-81-5016,A,Yangon
243,142-72-4741,C,Naypyitaw
244,217-58-1179,A,Yangon
245,376-02-8238,B,Mandalay
246,530-90-9855,A,Yangon
247,866-05-7563,B,Mandalay
248,604-70-6476,A,Yangon
249,799-71-1548,A,Yangon
250,785-13-7708,B,Mandalay
251,845-51-0542,B,Mandalay
252,662-47-5456,C,Naypyitaw
253,883-17-4236,C,Naypyitaw
254,290-68-2984,A,Yangon
255,704-11-6354,A,Yangon
256,110-48-7033,B,Mandalay
257,366-93-0948,A,Yangon
258,729-09-9681,A,Yangon
259,151-16-1484,A,Yangon
260,380-94-4661,C,Naypyitaw
261,850-41-9669,A,Yangon
262,821-07-3596,C,Naypyitaw
263,655-85-5130,B,Mandalay
264,447-15-7839,A,Yangon
265,154-74-7179,B,Mandalay
266,253-12-6086,A,Yangon
267,808-65-0703,C,Naypyitaw
268,571-94-0759,B,Mandalay
269,144-51-6085,A,Yangon
270,731-14-2199,A,Yangon
271,783-09-1637,B,Mandalay
272,687-15-1097,C,Naypyitaw
273,126-54-1082,A,Yangon
274,633-91-1052,A,Yangon
275,477-24-6490,B,Mandalay
276,566-19-5475,B,Mandalay
277,526-86-8552,C,Naypyitaw
278,376-56-3573,C,Naypyitaw
279,537-72-0426,C,Naypyitaw
280,828-61-5674,A,Yangon
281,136-08-6195,A,Yangon
282,523-38-0215,C,Naypyitaw
283,490-29-1201,A,Yangon
284,667-92-0055,A,Yangon
285,565-17-3836,A,Yangon
286,498-41-1961,B,Mandalay
287,593-95-4461,C,Naypyitaw
288,226-71-3580,C,Naypyitaw
289,283-79-9594,B,Mandalay
290,430-60-3493,A,Yangon
291,139-20-0155,B,Mandalay
292,558-80-4082,C,Naypyitaw
293,278-97-7759,A,Yangon
294,316-68-6352,A,Yangon
295,585-03-5943,B,Mandalay
296,211-05-0490,C,Naypyitaw
297,727-75-6477,C,Naypyitaw
298,744-02-5987,A,Yangon
299,307-83-9164,A,Yangon
300,779-06-0012,C,Naypyitaw
301,446-47-6729,C,Naypyitaw
302,573-10-3877,B,Mandalay
303,735-06-4124,C,Naypyitaw
304,439-54-7422,A,Yangon
305,396-90-2219,B,Mandalay
306,411-77-0180,A,Yangon
307,286-01-5402,A,Yangon
308,803-17-8013,A,Yangon
309,512-98-1403,A,Yangon
310,848-42-2560,A,Yangon
311,532-59-7201,B,Mandalay
312,181-94-6432,C,Naypyitaw
313,870-76-1733,A,Yangon
314,423-64-4619,A,Yangon
315,227-07-4446,C,Naypyitaw
316,174-36-3675,C,Naypyitaw
317,428-83-5800,C,Naypyitaw
318,603-07-0961,C,Naypyitaw
319,704-20-4138,C,Naypyitaw
320,787-15-1757,C,Naypyitaw
321,649-11-3678,C,Naypyitaw
322,622-20-1945,C,Naypyitaw
323,372-94-8041,A,Yangon
324,563-91-7120,A,Yangon
325,746-54-5508,A,Yangon
326,276-54-0879,B,Mandalay
327,815-11-1168,A,Yangon
328,719-76-3868,C,Naypyitaw
329,730-61-8757,B,Mandalay
330,340-66-0321,A,Yangon
331,868-81-1752,B,Mandalay
332,634-97-8956,A,Yangon
333,566-71-1091,A,Yangon
334,442-48-3607,A,Yangon
335,835-16-0096,C,Naypyitaw
336,527-09-6272,A,Yangon
337,898-04-2717,A,Yangon
338,692-27-8933,B,Mandalay
339,633-09-3463,C,Naypyitaw
340,374-17-3652,B,Mandalay
341,378-07-7001,B,Mandalay
342,433-75-6987,B,Mandalay
343,873-95-4984,B,Mandalay
344,416-13-5917,C,Naypyitaw
345,150-89-8043,A,Yangon
346,135-84-8019,A,Yangon
347,441-94-7118,A,Yangon
348,725-96-3778,C,Naypyitaw
349,531-80-1784,A,Yangon
350,400-45-1220,B,Mandalay
351,860-79-0874,C,Naypyitaw
352,834-61-8124,A,Yangon
353,115-99-4379,B,Mandalay
354,565-67-6697,B,Mandalay
355,320-49-6392,C,Naypyitaw
356,889-04-9723,B,Mandalay
357,632-90-0281,C,Naypyitaw
358,554-42-2417,C,Naypyitaw
359,453-63-6187,B,Mandalay
360,578-80-7669,B,Mandalay
361,612-36-5536,A,Yangon
362,605-72-4132,C,Naypyitaw
363,471-41-2823,C,Naypyitaw
364,462-67-9126,A,Yangon
365,272-27-9238,C,Naypyitaw
366,834-25-9262,C,Naypyitaw
367,122-61-9553,C,Naypyitaw
368,468-88-0009,A,Yangon
369,613-59-9758,C,Naypyitaw
370,254-31-0042,A,Yangon
371,201-86-2184,B,Mandalay
372,261-12-8671,B,Mandalay
373,730-70-9830,C,Naypyitaw
374,382-25-8917,C,Naypyitaw
375,422-29-8786,A,Yangon
376,667-23-5919,A,Yangon
377,843-01-4703,B,Mandalay
378,743-88-1662,C,Naypyitaw
379,595-86-2894,C,Naypyitaw
380,182-69-8360,B,Mandalay
381,289-15-7034,A,Yangon
382,462-78-5240,C,Naypyitaw
383,868-52-7573,B,Mandalay
384,153-58-4872,C,Naypyitaw
385,662-72-2873,A,Yangon
386,525-88-7307,B,Mandalay
387,689-16-9784,C,Naypyitaw
388,725-56-0833,A,Yangon
389,394-41-0748,C,Naypyitaw
390,596-42-3999,B,Mandalay
391,541-89-9860,C,Naypyitaw
392,173-82-9529,B,Mandalay
393,563-36-9814,A,Yangon
394,308-47-4913,A,Yangon
395,885-17-6250,A,Yangon
396,726-27-2396,A,Yangon
397,316-01-3952,A,Yangon
398,760-54-1821,B,Mandalay
399,793-10-3222,B,Mandalay
400,346-12-3257,B,Mandalay
401,110-05-6330,C,Naypyitaw
402,651-61-0874,C,Naypyitaw
403,236-86-3015,C,Naypyitaw
404,831-64-0259,B,Mandalay
405,587-03-7455,C,Naypyitaw
406,882-40-4577,A,Yangon
407,732-67-5346,A,Yangon
408,725-32-9708,B,Mandalay
409,256-08-8343,A,Yangon
410,372-26-1506,C,Naypyitaw
411,244-08-0162,B,Mandalay
412,569-71-4390,B,Mandalay
413,132-23-6451,A,Yangon
414,696-90-2548,A,Yangon
415,472-15-9636,A,Yangon
416,268-03-6164,B,Mandalay
417,750-57-9686,C,Naypyitaw
418,186-09-3669,C,Naypyitaw
419,848-07-1692,B,Mandalay
420,745-71-3520,A,Yangon
421,266-76-6436,C,Naypyitaw
422,740-22-2500,C,Naypyitaw
423,271-88-8734,C,Naypyitaw
424,301-81-8610,B,Mandalay
425,489-64-4354,C,Naypyitaw
426,198-84-7132,B,Mandalay
427,269-10-8440,A,Yangon
428,650-98-6268,B,Mandalay
429,741-73-3559,B,Mandalay
430,325-77-6186,A,Yangon
431,286-75-7818,B,Mandalay
432,574-57-9721,C,Naypyitaw
433,459-50-7686,A,Yangon
434,616-87-0016,B,Mandalay
435,837-55-7229,B,Mandalay
436,751-69-0068,C,Naypyitaw
437,257-73-1380,C,Naypyitaw
438,345-08-4992,A,Yangon
439,549-96-4200,C,Naypyitaw
440,810-60-6344,C,Naypyitaw
441,450-28-2866,C,Naypyitaw
442,394-30-3170,B,Mandalay
443,138-17-5109,A,Yangon
444,192-98-7397,C,Naypyitaw
445,301-11-9629,A,Yangon
446,390-80-5128,B,Mandalay
447,235-46-8343,C,Naypyitaw
448,453-12-7053,C,Naypyitaw
449,296-11-7041,B,Mandalay
450,449-27-2918,B,Mandalay
451,891-01-7034,B,Mandalay
452,744-09-5786,B,Mandalay
453,727-17-0390,A,Yangon
454,568-88-3448,A,Yangon
455,187-83-5490,A,Yangon
456,767-54-1907,B,Mandalay
457,710-46-4433,B,Mandalay
458,533-33-5337,B,Mandalay
459,325-90-8763,C,Naypyitaw
460,729-46-7422,C,Naypyitaw
461,639-76-1242,C,Naypyitaw
462,234-03-4040,B,Mandalay
463,326-71-2155,C,Naypyitaw
464,320-32-8842,C,Naypyitaw
465,470-32-9057,A,Yangon
466,878-30-2331,C,Naypyitaw
467,440-59-5691,C,Naypyitaw
468,554-53-3790,B,Mandalay
469,746-19-0921,C,Naypyitaw
470,233-34-0817,C,Naypyitaw
471,767-05-1286,C,Naypyitaw
472,340-21-9136,A,Yangon
473,405-31-3305,A,Yangon
474,731-59-7531,B,Mandalay
475,676-39-6028,A,Yangon
476,502-05-1910,A,Yangon
477,485-30-8700,A,Yangon
478,598-47-9715,C,Naypyitaw
479,701-69-8742,B,Mandalay
480,575-67-1508,A,Yangon
481,541-08-3113,C,Naypyitaw
482,246-11-3901,C,Naypyitaw
483,674-15-9296,A,Yangon
484,305-18-3552,B,Mandalay
485,493-65-6248,C,Naypyitaw
486,438-01-4015,B,Mandalay
487,709-58-4068,B,Mandalay
488,795-49-7276,A,Yangon
489,556-72-8512,C,Naypyitaw
490,627-95-3243,B,Mandalay
491,686-41-0932,B,Mandalay
492,510-09-5628,A,Yangon
493,608-04-3797,B,Mandalay
494,148-82-2527,C,Naypyitaw
495,437-53-3084,B,Mandalay
496,632-32-4574,B,Mandalay
497,556-97-7101,C,Naypyitaw
498,862-59-8517,C,Naypyitaw
499,401-18-8016,B,Mandalay
500,420-18-8989,A,Yangon
501,277-63-2961,B,Mandalay
502,573-98-8548,C,Naypyitaw
503,620-02-2046,C,Naypyitaw
504,282-35-2475,B,Mandalay
505,511-54-3087,B,Mandalay
506,726-29-6793,A,Yangon
507,387-49-4215,B,Mandalay
508,862-17-9201,B,Mandalay
509,291-21-5991,B,Mandalay
510,602-80-9671,C,Naypyitaw
511,347-72-6115,B,Mandalay
512,209-61-0206,A,Yangon
513,595-27-4851,A,Yangon
514,189-52-0236,A,Yangon
515,503-07-0930,C,Naypyitaw
516,413-20-6708,C,Naypyitaw
517,425-85-2085,B,Mandalay
518,521-18-7827,C,Naypyitaw
519,220-28-1851,A,Yangon
520,600-38-9738,C,Naypyitaw
521,734-91-1155,B,Mandalay
522,451-28-5717,C,Naypyitaw
523,609-81-8548,A,Yangon
524,133-14-7229,C,Naypyitaw
525,534-01-4457,A,Yangon
526,719-89-8991,A,Yangon
527,286-62-6248,B,Mandalay
528,339-38-9982,B,Mandalay
529,827-44-5872,B,Mandalay
530,827-77-7633,A,Yangon
531,287-83-1405,A,Yangon
532,435-13-4908,A,Yangon
533,857-67-9057,B,Mandalay
534,236-27-1144,C,Naypyitaw
535,892-05-6689,A,Yangon
536,583-41-4548,C,Naypyitaw
537,339-12-4827,B,Mandalay
538,643-38-7867,A,Yangon
539,308-81-0538,A,Yangon
540,358-88-9262,C,Naypyitaw
541,460-35-4390,A,Yangon
542,343-87-0864,C,Naypyitaw
543,173-50-1108,B,Mandalay
544,243-47-2663,C,Naypyitaw
545,841-18-8232,B,Mandalay
546,701-23-5550,B,Mandalay
547,647-50-1224,A,Yangon
548,541-48-8554,A,Yangon
549,539-21-7227,B,Mandalay
550,213-32-1216,A,Yangon
551,747-58-7183,B,Mandalay
552,582-52-8065,B,Mandalay
553,210-57-1719,B,Mandalay
554,399-69-4630,C,Naypyitaw
555,134-75-2619,A,Yangon
556,356-44-8813,B,Mandalay
557,198-66-9832,B,Mandalay
558,283-26-5248,C,Naypyitaw
559,712-39-0363,A,Yangon
560,218-59-9410,A,Yangon
561,174-75-0888,B,Mandalay
562,866-99-7614,C,Naypyitaw
563,134-54-4720,B,Mandalay
564,760-90-2357,A,Yangon
565,514-37-2845,B,Mandalay
566,698-98-5964,A,Yangon
567,718-57-9773,C,Naypyitaw
568,651-88-7328,A,Yangon
569,241-11-2261,B,Mandalay
570,408-26-9866,C,Naypyitaw
571,834-83-1826,B,Mandalay
572,343-61-3544,B,Mandalay
573,239-48-4278,A,Yangon
574,355-34-6244,B,Mandalay
575,550-84-8664,A,Yangon
576,339-96-8318,B,Mandalay
577,458-61-0011,B,Mandalay
578,592-34-6155,C,Naypyitaw
579,797-88-0493,A,Yangon
580,207-73-1363,B,Mandalay
581,390-31-6381,C,Naypyitaw
582,443-82-0585,A,Yangon
583,339-18-7061,C,Naypyitaw
584,359-90-3665,B,Mandalay
585,375-72-3056,B,Mandalay
586,127-47-6963,A,Yangon
587,278-86-2735,A,Yangon
588,695-28-6250,A,Yangon
589,379-17-6588,C,Naypyitaw
590,227-50-3718,A,Yangon
591,302-15-2162,C,Naypyitaw
592,788-07-8452,C,Naypyitaw
593,560-49-6611,A,Yangon
594,880-35-0356,A,Yangon
595,585-11-6748,B,Mandalay
596,470-31-3286,B,Mandalay
597,152-68-2907,A,Yangon
598,123-35-4896,C,Naypyitaw
599,258-69-7810,C,Naypyitaw
600,334-64-2006,A,Yangon
601,219-61-4139,C,Naypyitaw
602,881-41-7302,C,Naypyitaw
603,373-09-4567,C,Naypyitaw
604,642-30-6693,B,Mandalay
605,484-22-8230,C,Naypyitaw
606,830-58-2383,B,Mandalay
607,559-98-9873,A,Yangon
608,544-32-5024,C,Naypyitaw
609,318-12-0304,A,Yangon
610,349-97-8902,B,Mandalay
611,421-95-9805,A,Yangon
612,277-35-5865,C,Naypyitaw
613,789-23-8625,B,Mandalay
614,284-54-4231,C,Naypyitaw
615,443-59-0061,A,Yangon
616,509-29-3912,A,Yangon
617,327-40-9673,B,Mandalay
618,840-19-2096,C,Naypyitaw
619,828-46-6863,A,Yangon
620,641-96-3695,C,Naypyitaw
621,420-97-3340,A,Yangon
622,436-54-4512,A,Yangon
623,670-79-6321,B,Mandalay
624,852-62-7105,B,Mandalay
625,598-06-7312,B,Mandalay
626,135-13-8269,B,Mandalay
627,816-57-2053,A,Yangon
628,628-90-8624,B,Mandalay
629,856-66-2701,A,Yangon
630,308-39-1707,A,Yangon
631,149-61-1929,A,Yangon
632,655-07-2265,A,Yangon
633,589-02-8023,A,Yangon
634,420-04-7590,B,Mandalay
635,182-88-2763,B,Mandalay
636,188-55-0967,B,Mandalay
637,610-46-4100,A,Yangon
638,318-81-2368,C,Naypyitaw
639,364-33-8584,B,Mandalay
640,665-63-9737,B,Mandalay
641,695-09-5146,B,Mandalay
642,155-45-3814,C,Naypyitaw
643,794-32-2436,B,Mandalay
644,131-15-8856,C,Naypyitaw
645,273-84-2164,C,Naypyitaw
646,706-36-6154,A,Yangon
647,778-89-7974,C,Naypyitaw
648,574-31-8277,B,Mandalay
649,859-71-0933,C,Naypyitaw
650,740-11-5257,C,Naypyitaw
651,369-82-2676,B,Mandalay
652,563-47-4072,B,Mandalay
653,742-04-5161,A,Yangon
654,149-15-7606,B,Mandalay
655,133-77-3154,B,Mandalay
656,169-52-4504,A,Yangon
657,250-81-7186,C,Naypyitaw
658,562-12-5430,A,Yangon
659,816-72-8853,A,Yangon
660,491-38-3499,A,Yangon
661,322-02-2271,B,Mandalay
662,842-29-4695,C,Naypyitaw
663,725-67-2480,B,Mandalay
664,641-51-2661,C,Naypyitaw
665,714-02-3114,C,Naypyitaw
666,518-17-2983,A,Yangon
667,779-42-2410,B,Mandalay
668,190-14-3147,B,Mandalay
669,408-66-6712,C,Naypyitaw
670,679-22-6530,B,Mandalay
671,588-47-8641,A,Yangon
672,642-61-4706,B,Mandalay
673,576-31-4774,B,Mandalay
674,556-41-6224,C,Naypyitaw
675,811-03-8790,A,Yangon
676,242-11-3142,B,Mandalay
677,752-23-3760,B,Mandalay
678,274-05-5470,A,Yangon
679,648-94-3045,C,Naypyitaw
680,130-67-4723,A,Yangon
681,528-87-5606,B,Mandalay
682,320-85-2052,B,Mandalay
683,370-96-0655,C,Naypyitaw
684,105-10-6182,A,Yangon
685,510-79-0415,B,Mandalay
686,241-96-5076,B,Mandalay
687,767-97-4650,B,Mandalay
688,648-83-1321,A,Yangon
689,173-57-2300,C,Naypyitaw
690,305-03-2383,A,Yangon
691,394-55-6384,C,Naypyitaw
692,266-20-6657,C,Naypyitaw
693,689-05-1884,A,Yangon
694,196-01-2849,C,Naypyitaw
695,372-62-5264,C,Naypyitaw
696,800-09-8606,A,Yangon
697,182-52-7000,A,Yangon
698,826-58-8051,B,Mandalay
699,868-06-0466,A,Yangon
700,751-41-9720,C,Naypyitaw
701,626-43-7888,C,Naypyitaw
702,176-64-7711,B,Mandalay
703,191-29-0321,B,Mandalay
704,729-06-2010,B,Mandalay
705,640-48-5028,B,Mandalay
706,186-79-9562,B,Mandalay
707,834-45-5519,B,Mandalay
708,162-65-8559,C,Naypyitaw
709,760-27-5490,C,Naypyitaw
710,445-30-9252,A,Yangon
711,786-94-2700,A,Yangon
712,728-88-7867,C,Naypyitaw
713,183-21-3799,C,Naypyitaw
714,268-20-3585,C,Naypyitaw
715,735-32-9839,C,Naypyitaw
716,258-92-7466,A,Yangon
717,857-16-3520,A,Yangon
718,482-17-1179,A,Yangon
719,788-21-5741,A,Yangon
720,821-14-9046,B,Mandalay
721,418-05-0656,B,Mandalay
722,678-79-0726,C,Naypyitaw
723,776-68-1096,B,Mandalay
724,592-46-1692,C,Naypyitaw
725,434-35-9162,B,Mandalay
726,149-14-0304,C,Naypyitaw
727,442-44-6497,C,Naypyitaw
728,174-64-0215,B,Mandalay
729,210-74-9613,C,Naypyitaw
730,299-29-0180,B,Mandalay
731,247-11-2470,A,Yangon
732,635-28-5728,A,Yangon
733,756-49-0168,A,Yangon
734,438-23-1242,B,Mandalay
735,238-45-6950,B,Mandalay
736,607-65-2441,C,Naypyitaw
737,386-27-7606,C,Naypyitaw
738,137-63-5492,C,Naypyitaw
739,197-77-7132,B,Mandalay
740,805-86-0265,A,Yangon
741,733-29-1227,C,Naypyitaw
742,451-73-2711,C,Naypyitaw
743,373-14-0504,A,Yangon
744,546-80-2899,A,Yangon
745,345-68-9016,C,Naypyitaw
746,390-17-5806,C,Naypyitaw
747,457-13-1708,B,Mandalay
748,664-14-2882,C,Naypyitaw
749,487-79-6868,B,Mandalay
750,314-23-4520,C,Naypyitaw
751,210-30-7976,B,Mandalay
752,585-86-8361,A,Yangon
753,807-14-7833,A,Yangon
754,775-72-1988,B,Mandalay
755,288-38-3758,C,Naypyitaw
756,652-43-6591,A,Yangon
757,785-96-0615,B,Mandalay
758,406-46-7107,A,Yangon
759,250-17-5703,A,Yangon
760,156-95-3964,A,Yangon
761,842-40-8179,B,Mandalay
762,525-09-8450,B,Mandalay
763,410-67-1709,A,Yangon
764,587-73-4862,A,Yangon
765,787-87-2010,A,Yangon
766,593-14-4239,B,Mandalay
767,801-88-0346,C,Naypyitaw
768,388-76-2555,B,Mandalay
769,711-31-1234,B,Mandalay
770,886-54-6089,A,Yangon
771,707-32-7409,B,Mandalay
772,759-98-4285,C,Naypyitaw
773,201-63-8275,C,Naypyitaw
774,471-06-8611,C,Naypyitaw
775,200-16-5952,C,Naypyitaw
776,120-54-2248,B,Mandalay
777,102-77-2261,C,Naypyitaw
778,875-31-8302,B,Mandalay
779,102-06-2002,C,Naypyitaw
780,457-94-0464,B,Mandalay
781,629-42-4133,C,Naypyitaw
782,534-53-3526,A,Yangon
783,307-04-2070,A,Yangon
784,468-99-7231,C,Naypyitaw
785,516-77-6464,C,Naypyitaw
786,404-91-5964,A,Yangon
787,886-77-9084,C,Naypyitaw
788,790-38-4466,C,Naypyitaw
789,704-10-4056,C,Naypyitaw
790,497-37-6538,A,Yangon
791,651-96-5970,A,Yangon
792,400-80-4065,C,Naypyitaw
793,744-16-7898,B,Mandalay
794,263-12-5321,A,Yangon
795,702-72-0487,A,Yangon
796,605-83-1050,B,Mandalay
797,443-60-9639,C,Naypyitaw
798,864-24-7918,A,Yangon
799,359-94-5395,B,Mandalay
800,401-09-4232,C,Naypyitaw
801,751-15-6198,B,Mandalay
802,324-41-6833,C,Naypyitaw
803,474-33-8305,C,Naypyitaw
804,759-29-9521,A,Yangon
805,831-81-6575,B,Mandalay
806,220-68-6701,A,Yangon
807,618-34-8551,A,Yangon
808,257-60-7754,A,Yangon
809,559-61-5987,B,Mandalay
810,189-55-2313,C,Naypyitaw
811,565-91-4567,B,Mandalay
812,380-60-5336,A,Yangon
813,815-04-6282,C,Naypyitaw
814,674-56-6360,A,Yangon
815,778-34-2523,A,Yangon
816,499-27-7781,B,Mandalay
817,477-59-2456,C,Naypyitaw
818,832-51-6761,A,Yangon
819,869-11-3082,B,Mandalay
820,190-59-3964,B,Mandalay
821,366-43-6862,B,Mandalay
822,186-43-8965,A,Yangon
823,784-21-9238,C,Naypyitaw
824,276-75-6884,A,Yangon
825,109-86-4363,B,Mandalay
826,569-76-2760,A,Yangon
827,222-42-0244,B,Mandalay
828,760-53-9233,A,Yangon
829,538-22-0304,C,Naypyitaw
830,416-17-9926,A,Yangon
831,237-44-6163,A,Yangon
832,636-17-0325,B,Mandalay
833,343-75-9322,B,Mandalay
834,528-14-9470,A,Yangon
835,427-45-9297,B,Mandalay
836,807-34-3742,A,Yangon
837,288-62-1085,A,Yangon
838,670-71-7306,B,Mandalay
839,660-29-7083,C,Naypyitaw
840,271-77-8740,C,Naypyitaw
841,497-36-0989,A,Yangon
842,291-59-1384,B,Mandalay
843,860-73-6466,A,Yangon
844,549-23-9016,C,Naypyitaw
845,896-34-0956,A,Yangon
846,804-38-3935,A,Yangon
847,585-90-0249,A,Yangon
848,862-29-5914,C,Naypyitaw
849,845-94-6841,C,Naypyitaw
850,125-45-2293,A,Yangon
851,843-73-4724,A,Yangon
852,409-33-9708,A,Yangon
853,658-66-3967,C,Naypyitaw
854,866-70-2814,B,Mandalay
855,160-22-2687,A,Yangon
856,895-03-6665,B,Mandalay
857,770-42-8960,B,Mandalay
858,748-45-2862,A,Yangon
859,234-36-2483,B,Mandalay
860,316-66-3011,A,Yangon
861,848-95-6252,C,Naypyitaw
862,840-76-5966,A,Yangon
863,152-03-4217,B,Mandalay
864,533-66-5566,B,Mandalay
865,124-31-1458,A,Yangon
866,176-78-1170,C,Naypyitaw
867,361-59-0574,B,Mandalay
868,101-81-4070,C,Naypyitaw
869,631-34-1880,C,Naypyitaw
870,852-82-2749,A,Yangon
871,873-14-6353,A,Yangon
872,584-66-4073,C,Naypyitaw
873,544-55-9589,B,Mandalay
874,166-19-2553,A,Yangon
875,737-88-5876,A,Yangon
876,154-87-7367,C,Naypyitaw
877,885-56-0389,C,Naypyitaw
878,608-05-3804,B,Mandalay
879,448-61-3783,A,Yangon
880,761-49-0439,B,Mandalay
881,490-95-0021,B,Mandalay
882,115-38-7388,C,Naypyitaw
883,311-13-6971,B,Mandalay
884,291-55-6563,A,Yangon
885,548-48-3156,A,Yangon
886,460-93-5834,A,Yangon
887,325-89-4209,A,Yangon
888,884-80-6021,A,Yangon
889,137-74-8729,C,Naypyitaw
890,880-46-5796,A,Yangon
891,389-70-2397,C,Naypyitaw
892,114-35-5271,B,Mandalay
893,607-76-6216,C,Naypyitaw
894,715-20-1673,B,Mandalay
895,811-35-1094,B,Mandalay
896,699-88-1972,B,Mandalay
897,781-84-8059,C,Naypyitaw
898,409-49-6995,C,Naypyitaw
899,725-54-0677,C,Naypyitaw
900,146-09-5432,A,Yangon
901,377-79-7592,C,Naypyitaw
902,509-10-0516,B,Mandalay
903,595-94-9924,A,Yangon
904,865-41-9075,A,Yangon
905,545-07-8534,C,Naypyitaw
906,118-62-1812,C,Naypyitaw
907,450-42-3339,C,Naypyitaw
908,851-98-3555,B,Mandalay
909,186-71-5196,A,Yangon
910,624-01-8356,B,Mandalay
911,313-66-9943,B,Mandalay
912,151-27-8496,C,Naypyitaw
913,453-33-6436,A,Yangon
914,522-57-8364,A,Yangon
915,459-45-2396,A,Yangon
916,717-96-4189,C,Naypyitaw
917,722-13-2115,C,Naypyitaw
918,749-81-8133,A,Yangon
919,777-67-2495,B,Mandalay
920,636-98-3364,B,Mandalay
921,246-55-6923,C,Naypyitaw
922,181-82-6255,B,Mandalay
923,838-02-1821,C,Naypyitaw
924,887-42-0517,C,Naypyitaw
925,457-12-0244,C,Naypyitaw
926,226-34-0034,B,Mandalay
927,321-49-7382,B,Mandalay
928,397-25-8725,A,Yangon
929,431-66-2305,B,Mandalay
930,825-94-5922,B,Mandalay
931,641-62-7288,B,Mandalay
932,756-93-1854,C,Naypyitaw
933,243-55-8457,A,Yangon
934,458-10-8612,C,Naypyitaw
935,501-61-1753,B,Mandalay
936,235-06-8510,C,Naypyitaw
937,433-08-7822,C,Naypyitaw
938,361-85-2571,A,Yangon
939,131-70-8179,A,Yangon
940,500-02-2261,C,Naypyitaw
941,720-72-2436,A,Yangon
942,702-83-5291,C,Naypyitaw
943,809-69-9497,A,Yangon
944,449-16-6770,A,Yangon
945,333-23-2632,A,Yangon
946,489-82-1237,A,Yangon
947,859-97-6048,C,Naypyitaw
948,676-10-2200,B,Mandalay
949,373-88-1424,C,Naypyitaw
950,365-16-4334,B,Mandalay
951,503-21-4385,B,Mandalay
952,305-89-2768,B,Mandalay
953,574-80-1489,B,Mandalay
954,784-08-0310,C,Naypyitaw
955,200-40-6154,B,Mandalay
956,846-10-0341,A,Yangon
957,577-34-7579,C,Naypyitaw
958,430-02-3888,B,Mandalay
959,867-47-1948,C,Naypyitaw
960,384-59-6655,A,Yangon
961,256-58-3609,C,Naypyitaw
962,324-92-3863,A,Yangon
963,593-08-5916,A,Yangon
964,364-34-2972,C,Naypyitaw
965,794-42-3736,B,Mandalay
966,172-42-8274,B,Mandalay
967,558-60-5016,A,Yangon
968,195-06-0432,A,Yangon
969,605-03-2706,A,Yangon
970,214-30-2776,B,Mandalay
971,746-04-1077,B,Mandalay
972,448-34-8700,B,Mandalay
973,452-04-8808,B,Mandalay
974,531-56-4728,A,Yangon
975,744-82-9138,C,Naypyitaw
976,883-69-1285,B,Mandalay
977,221-25-5073,A,Yangon
978,518-71-6847,B,Mandalay
979,156-20-0370,B,Mandalay
980,151-33-7434,B,Mandalay
981,728-47-9078,C,Naypyitaw
982,809-46-1866,A,Yangon
983,139-32-4183,A,Yangon
984,148-41-7930,C,Naypyitaw
985,189-40-5216,C,Naypyitaw
986,374-38-5555,B,Mandalay
987,764-44-8999,B,Mandalay
988,552-44-5977,B,Mandalay
989,267-62-7380,C,Naypyitaw
990,430-53-4718,B,Mandalay
991,886-18-2897,A,Yangon
992,602-16-6955,B,Mandalay
993,745-74-0715,A,Yangon
994,690-01-6631,B,Mandalay
995,652-49-6720,C,Naypyitaw
996,233-67-5758,C,Naypyitaw
997,303-96-2227,B,Mandalay
998,727-02-1313,A,Yangon
999,347-56-2442,A,Yangon
1000,849-09-3807,A,Yangon
