transaction_id,date,time,day_name,time_of_day,month
1,2019-01-05,13:08:00,Saturday,Afternoon,January
2,2019-03-08,10:29:00,Friday,Morning,March
3,2019-03-03,13:23:00,Sunday,Afternoon,March
4,2019-01-27,20:33:00,Sunday,Evening,January
5,2019-02-08,10:37:00,Friday,Morning,February
6,2019-03-25,18:30:00,Monday,Evening,March
7,2019-02-25,14:36:00,Monday,Afternoon,February
8,2019-02-24,11:38:00,Sunday,Morning,February
9,2019-01-10,17:15:00,Thursday,Evening,January
10,2019-02-20,13:27:00,Wednesday,Afternoon,February
11,2019-02-06,18:07:00,Wednesday,Evening,February
12,2019-03-09,17:03:00,Saturday,Evening,March
13,2019-02-12,10:25:00,Tuesday,Morning,February
14,2019-02-07,16:48:00,Thursday,Evening,February
15,2019-03-29,19:21:00,Friday,Evening,March
16,2019-01-15,16:19:00,Tuesday,Evening,January
17,2019-03-11,11:03:00,Monday,Morning,March
18,2019-01-01,10:39:00,Tuesday,Morning,January
19,2019-01-21,18:00:00,Monday,Evening,January
20,2019-03-11,15:30:00,Monday,Afternoon,March
21,2019-02-25,11:24:00,Monday,Morning,February
22,2019-03-05,10:40:00,Tuesday,Morning,March
23,2019-03-15,12:20:00,Friday,Afternoon,March
24,2019-02-17,11:15:00,Sunday,Morning,February
25,2019-03-02,17:36:00,Saturday,Evening,March
26,2019-03-22,19:20:00,Friday,Evening,March
27,2019-02-08,15:31:00,Friday,Afternoon,February
28,2019-03-10,12:17:00,Sunday,Afternoon,March
29,2019-01-25,19:48:00,Friday,Evening,January
30,2019-03-15,15:36:00,Friday,Afternoon,March
31,2019-02-25,19:39:00,Monday,Evening,February
32,2019-01-28,12:43:00,Monday,Afternoon,January
33,2019-01-10,14:49:00,Thursday,Afternoon,January
34,2019-03-15,10:12:00,Friday,Morning,March
35,2019-02-06,10:42:00,Wednesday,Morning,February
36,2019-01-07,12:28:00,Monday,Afternoon,January
37,2019-03-10,19:15:00,Sunday,Evening,March
38,2019-01-15,17:17:00,Tuesday,Evening,January
39,2019-03-23,13:24:00,Saturday,Afternoon,March
40,2019-03-03,13:01:00,Sunday,Afternoon,March
41,2019-01-17,18:45:00,Thursday,Evening,January
42,2019-02-02,10:11:00,Saturday,Morning,February
43,2019-02-08,13:03:00,Friday,Afternoon,February
44,2019-03-04,20:39:00,Monday,Evening,March
45,2019-03-16,19:47:00,Saturday,Evening,March
46,2019-03-09,18:00:00,Saturday,Evening,March
47,2019-02-27,17:24:00,Wednesday,Evening,February
48,2019-02-06,15:47:00,Wednesday,Afternoon,February
49,2019-02-10,12:45:00,Sunday,Afternoon,February
50,2019-03-19,17:08:00,Tuesday,Evening,March
51,2019-02-03,10:19:00,Sunday,Morning,February
52,2019-02-10,15:10:00,Sunday,Afternoon,February
53,2019-03-22,14:42:00,Friday,Afternoon,March
54,2019-01-25,15:46:00,Friday,Afternoon,January
55,2019-03-07,11:49:00,Thursday,Morning,March
56,2019-02-28,19:01:00,Thursday,Evening,February
57,2019-03-27,11:26:00,Wednesday,Morning,March
58,2019-02-07,11:28:00,Thursday,Morning,February
59,2019-01-20,15:55:00,Sunday,Afternoon,January
60,2019-03-12,20:36:00,Tuesday,Evening,March
61,2019-02-15,17:47:00,Friday,Evening,February
62,2019-02-24,10:55:00,Sunday,Morning,February
63,2019-02-03,13:40:00,Sunday,Afternoon,February
64,2019-03-06,12:27:00,Wednesday,Afternoon,March
65,2019-02-14,14:35:00,Thursday,Afternoon,February
66,2019-03-13,16:40:00,Wednesday,Evening,March
67,2019-02-10,15:43:00,Sunday,Afternoon,February
68,2019-01-07,15:01:00,Monday,Afternoon,January
69,2019-01-24,10:04:00,Thursday,Morning,January
70,2019-02-02,18:50:00,Saturday,Evening,February
71,2019-01-06,12:46:00,Sunday,Afternoon,January
72,2019-02-11,16:19:00,Monday,Evening,February
73,2019-03-05,18:17:00,Tuesday,Evening,March
74,2019-03-09,18:21:00,Saturday,Evening,March
75,2019-01-22,10:55:00,Tuesday,Morning,January
76,2019-01-13,17:04:00,Sunday,Evening,January
77,2019-01-09,14:20:00,Wednesday,Afternoon,January
78,2019-01-12,15:48:00,Saturday,Afternoon,January
79,2019-03-05,16:24:00,Tuesday,Evening,March
80,2019-01-22,18:56:00,Tuesday,Evening,January
81,2019-01-21,14:42:00,Monday,Afternoon,January
82,2019-01-26,19:56:00,Saturday,Evening,January
83,2019-01-23,18:37:00,Wednesday,Evening,January
84,2019-02-23,18:45:00,Saturday,Evening,February
85,2019-03-09,10:17:00,Saturday,Morning,March
86,2019-03-05,14:31:00,Tuesday,Afternoon,March
87,2019-03-25,10:23:00,Monday,Morning,March
88,2019-03-27,20:35:00,Wednesday,Evening,March
89,2019-01-02,16:57:00,Wednesday,Evening,January
90,2019-02-27,17:55:00,Wednesday,Evening,February
91,2019-01-23,10:25:00,Wednesday,Morning,January
92,2019-01-26,19:54:00,Saturday,Evening,January
93,2019-01-10,16:42:00,Thursday,Evening,January
94,2019-03-12,12:09:00,Tuesday,Afternoon,March
95,2019-02-06,20:05:00,Wednesday,Evening,February
96,2019-03-08,20:38:00,Friday,Evening,March
97,2019-03-29,10:25:00,Friday,Morning,March
98,2019-02-09,13:11:00,Saturday,Afternoon,February
99,2019-03-23,10:16:00,Saturday,Morning,March
100,2019-03-05,18:14:00,Tuesday,Evening,March
101,2019-03-26,19:20:00,Tuesday,Evening,March
102,2019-03-01,13:22:00,Friday,Afternoon,March
103,2019-02-01,11:27:00,Friday,Morning,February
104,2019-03-28,16:44:00,Thursday,Evening,March
105,2019-03-19,18:19:00,Tuesday,Evening,March
106,2019-01-12,14:50:00,Saturday,Afternoon,January
107,2019-01-05,20:54:00,Saturday,Evening,January
108,2019-03-22,20:19:00,Friday,Evening,March
109,2019-03-24,10:43:00,Sunday,Morning,March
110,2019-03-03,14:30:00,Sunday,Afternoon,March
111,2019-02-05,11:32:00,Tuesday,Morning,February
112,2019-02-05,10:41:00,Tuesday,Morning,February
113,2019-02-15,12:44:00,Friday,Afternoon,February
114,2019-01-19,20:07:00,Saturday,Evening,January
115,2019-02-01,20:31:00,Friday,Evening,February
116,2019-03-02,13:01:00,Saturday,Afternoon,March
117,2019-03-05,12:29:00,Tuesday,Afternoon,March
118,2019-01-16,15:26:00,Wednesday,Afternoon,January
119,2019-02-02,20:48:00,Saturday,Evening,February
120,2019-01-20,20:38:00,Sunday,Evening,January
121,2019-02-14,17:03:00,Thursday,Evening,February
122,2019-01-12,12:02:00,Saturday,Afternoon,January
123,2019-03-09,17:26:00,Saturday,Evening,March
124,2019-03-13,19:52:00,Wednesday,Evening,March
125,2019-03-09,14:57:00,Saturday,Afternoon,March
126,2019-03-10,18:44:00,Sunday,Evening,March
127,2019-01-27,13:26:00,Sunday,Afternoon,January
128,2019-01-08,16:17:00,Tuesday,Evening,January
129,2019-01-08,15:57:00,Tuesday,Afternoon,January
130,2019-02-08,11:15:00,Friday,Morning,February
131,2019-01-25,13:18:00,Friday,Afternoon,January
132,2019-03-06,20:34:00,Wednesday,Evening,March
133,2019-02-10,18:36:00,Sunday,Evening,February
134,2019-02-17,14:40:00,Sunday,Afternoon,February
135,2019-03-08,16:43:00,Friday,Evening,March
136,2019-02-18,19:39:00,Monday,Evening,February
137,2019-01-18,20:59:00,Friday,Evening,January
138,2019-02-18,15:39:00,Monday,Afternoon,February
139,2019-02-16,12:21:00,Saturday,Afternoon,February
140,2019-03-16,19:25:00,Saturday,Evening,March
141,2019-01-23,13:00:00,Wednesday,Afternoon,January
142,2019-01-25,13:48:00,Friday,Afternoon,January
143,2019-02-05,19:57:00,Tuesday,Evening,February
144,2019-02-22,10:36:00,Friday,Morning,February
145,2019-01-21,16:37:00,Monday,Evening,January
146,2019-03-08,17:11:00,Friday,Evening,March
147,2019-02-10,12:28:00,Sunday,Afternoon,February
148,2019-03-19,12:46:00,Tuesday,Afternoon,March
149,2019-03-06,15:07:00,Wednesday,Afternoon,March
150,2019-03-27,13:48:00,Wednesday,Afternoon,March
151,2019-03-23,19:20:00,Saturday,Evening,March
152,2019-03-11,16:07:00,Monday,Evening,March
153,2019-01-29,11:56:00,Tuesday,Morning,January
154,2019-02-07,18:23:00,Thursday,Evening,February
155,2019-01-28,13:05:00,Monday,Afternoon,January
156,2019-02-20,15:55:00,Wednesday,Afternoon,February
157,2019-01-04,19:40:00,Friday,Evening,January
158,2019-03-07,13:58:00,Thursday,Afternoon,March
159,2019-03-30,14:43:00,Saturday,Afternoon,March
160,2019-03-27,19:18:00,Wednesday,Evening,March
161,2019-01-19,19:39:00,Saturday,Evening,January
162,2019-02-25,16:21:00,Monday,Evening,February
163,2019-03-13,19:44:00,Wednesday,Evening,March
164,2019-01-30,19:42:00,Wednesday,Evening,January
165,2019-02-20,15:24:00,Wednesday,Afternoon,February
166,2019-02-25,14:12:00,Monday,Afternoon,February
167,2019-01-16,13:32:00,Wednesday,Afternoon,January
168,2019-02-08,16:20:00,Friday,Evening,February
169,2019-01-19,16:31:00,Saturday,Evening,January
170,2019-02-01,15:10:00,Friday,Afternoon,February
171,2019-01-03,11:36:00,Thursday,Morning,January
172,2019-01-26,12:45:00,Saturday,Afternoon,January
173,2019-03-03,19:17:00,Sunday,Evening,March
174,2019-01-19,17:34:00,Saturday,Evening,January
175,2019-01-18,12:04:00,Friday,Afternoon,January
176,2019-03-21,16:21:00,Thursday,Evening,March
177,2019-03-03,17:01:00,Sunday,Evening,March
178,2019-02-13,10:50:00,Wednesday,Morning,February
179,2019-03-23,19:16:00,Saturday,Evening,March
180,2019-01-28,16:47:00,Monday,Evening,January
181,2019-02-09,10:00:00,Saturday,Morning,February
182,2019-01-23,11:51:00,Wednesday,Morning,January
183,2019-03-23,10:55:00,Saturday,Morning,March
184,2019-01-25,15:00:00,Friday,Afternoon,January
185,2019-03-04,11:19:00,Monday,Morning,March
186,2019-03-05,19:46:00,Tuesday,Evening,March
187,2019-03-03,19:00:00,Sunday,Evening,March
188,2019-02-08,10:53:00,Friday,Morning,February
189,2019-02-10,12:50:00,Sunday,Afternoon,February
190,2019-01-28,20:50:00,Monday,Evening,January
191,2019-02-11,10:39:00,Monday,Morning,February
192,2019-01-15,13:41:00,Tuesday,Afternoon,January
193,2019-03-16,19:08:00,Saturday,Evening,March
194,2019-01-26,20:23:00,Saturday,Evening,January
195,2019-03-19,11:30:00,Tuesday,Morning,March
196,2019-01-13,19:30:00,Sunday,Evening,January
197,2019-03-26,18:03:00,Tuesday,Evening,March
198,2019-03-23,10:13:00,Saturday,Morning,March
199,2019-03-12,19:58:00,Tuesday,Evening,March
200,2019-02-17,19:57:00,Sunday,Evening,February
201,2019-01-29,10:01:00,Tuesday,Morning,January
202,2019-03-15,11:57:00,Friday,Morning,March
203,2019-01-14,10:02:00,Monday,Morning,January
204,2019-02-06,14:51:00,Wednesday,Afternoon,February
205,2019-02-15,12:42:00,Friday,Afternoon,February
206,2019-01-03,12:02:00,Thursday,Afternoon,January
207,2019-01-04,18:19:00,Friday,Evening,January
208,2019-03-18,17:38:00,Monday,Evening,March
209,2019-03-28,13:41:00,Thursday,Afternoon,March
210,2019-03-02,19:42:00,Saturday,Evening,March
211,2019-01-25,20:24:00,Friday,Evening,January
212,2019-01-16,18:08:00,Wednesday,Evening,January
213,2019-03-20,19:17:00,Wednesday,Evening,March
214,2019-01-04,13:24:00,Friday,Afternoon,January
215,2019-03-11,15:53:00,Monday,Afternoon,March
216,2019-03-22,15:05:00,Friday,Afternoon,March
217,2019-03-24,18:27:00,Sunday,Evening,March
218,2019-02-21,16:55:00,Thursday,Evening,February
219,2019-02-12,12:58:00,Tuesday,Afternoon,February
220,2019-03-10,18:59:00,Sunday,Evening,March
221,2019-01-31,13:44:00,Thursday,Afternoon,January
222,2019-03-06,13:46:00,Wednesday,Afternoon,March
223,2019-02-17,18:06:00,Sunday,Evening,February
224,2019-02-21,12:38:00,Thursday,Afternoon,February
225,2019-03-20,15:56:00,Wednesday,Afternoon,March
226,2019-01-11,14:29:00,Friday,Afternoon,January
227,2019-01-26,19:14:00,Saturday,Evening,January
228,2019-01-31,16:24:00,Thursday,Evening,January
229,2019-02-26,10:52:00,Tuesday,Morning,February
230,2019-03-11,12:55:00,Monday,Afternoon,March
231,2019-01-26,19:28:00,Saturday,Evening,January
232,2019-03-12,13:52:00,Tuesday,Afternoon,March
233,2019-02-11,10:54:00,Monday,Morning,February
234,2019-02-21,18:31:00,Thursday,Evening,February
235,2019-03-09,18:24:00,Saturday,Evening,March
236,2019-01-20,18:09:00,Sunday,Evening,January
237,2019-01-28,15:16:00,Monday,Afternoon,January
238,2019-03-05,17:07:00,Tuesday,Evening,March
239,2019-03-02,19:26:00,Saturday,Evening,March
240,2019-01-11,11:20:00,Friday,Morning,January
241,2019-01-11,16:49:00,Friday,Evening,January
242,2019-03-11,12:01:00,Monday,Afternoon,March
243,2019-02-28,18:37:00,Thursday,Evening,February
244,2019-01-05,11:25:00,Saturday,Morning,January
245,2019-02-02,18:42:00,Saturday,Evening,February
246,2019-01-01,14:47:00,Tuesday,Afternoon,January
247,2019-02-09,19:43:00,Saturday,Evening,February
248,2019-01-23,14:04:00,Wednesday,Afternoon,January
249,2019-01-07,16:11:00,Monday,Evening,January
250,2019-01-14,19:06:00,Monday,Evening,January
251,2019-02-02,15:34:00,Saturday,Afternoon,February
252,2019-03-17,19:06:00,Sunday,Evening,March
253,2019-03-02,19:44:00,Saturday,Evening,March
254,2019-03-16,11:22:00,Saturday,Morning,March
255,2019-01-06,11:23:00,Sunday,Morning,January
256,2019-01-29,14:12:00,Tuesday,Afternoon,January
257,2019-01-31,10:46:00,Thursday,Morning,January
258,2019-02-05,10:16:00,Tuesday,Morning,February
259,2019-02-13,12:38:00,Wednesday,Afternoon,February
260,2019-02-07,13:05:00,Thursday,Afternoon,February
261,2019-03-19,13:25:00,Tuesday,Afternoon,March
262,2019-03-07,14:53:00,Thursday,Afternoon,March
263,2019-03-13,19:22:00,Wednesday,Evening,March
264,2019-02-09,11:00:00,Saturday,Morning,February
265,2019-02-26,19:24:00,Tuesday,Evening,February
266,2019-03-12,12:43:00,Tuesday,Afternoon,March
267,2019-03-14,17:22:00,Thursday,Evening,March
268,2019-01-08,20:55:00,Tuesday,Evening,January
269,2019-01-05,16:05:00,Saturday,Evening,January
270,2019-01-04,13:34:00,Friday,Afternoon,January
271,2019-03-06,18:13:00,Wednesday,Evening,March
272,2019-01-03,19:17:00,Thursday,Evening,January
273,2019-01-07,11:44:00,Monday,Morning,January
274,2019-01-27,15:51:00,Sunday,Afternoon,January
275,2019-02-26,16:52:00,Tuesday,Evening,February
276,2019-01-07,20:52:00,Monday,Evening,January
277,2019-01-07,17:36:00,Monday,Evening,January
278,2019-02-02,13:23:00,Saturday,Afternoon,February
279,2019-03-20,16:28:00,Wednesday,Evening,March
280,2019-03-20,19:57:00,Wednesday,Evening,March
281,2019-02-15,17:01:00,Friday,Evening,February
282,2019-03-06,13:29:00,Wednesday,Afternoon,March
283,2019-01-06,11:09:00,Sunday,Morning,January
284,2019-03-04,15:02:00,Monday,Afternoon,March
285,2019-03-12,14:21:00,Tuesday,Afternoon,March
286,2019-02-20,18:01:00,Wednesday,Evening,February
287,2019-03-24,14:49:00,Sunday,Afternoon,March
288,2019-01-31,12:02:00,Thursday,Afternoon,January
289,2019-01-25,13:30:00,Friday,Afternoon,January
290,2019-02-03,14:38:00,Sunday,Afternoon,February
291,2019-01-24,17:37:00,Thursday,Evening,January
292,2019-03-14,17:20:00,Thursday,Evening,March
293,2019-02-18,20:29:00,Monday,Evening,February
294,2019-01-21,10:00:00,Monday,Morning,January
295,2019-03-13,11:46:00,Wednesday,Morning,March
296,2019-03-03,13:42:00,Sunday,Afternoon,March
297,2019-03-29,14:44:00,Friday,Afternoon,March
298,2019-01-10,14:16:00,Thursday,Afternoon,January
299,2019-01-25,15:54:00,Friday,Afternoon,January
300,2019-01-19,10:21:00,Saturday,Morning,January
301,2019-01-02,18:09:00,Wednesday,Evening,January
302,2019-03-12,16:46:00,Tuesday,Evening,March
303,2019-02-25,15:31:00,Monday,Afternoon,February
304,2019-03-18,17:15:00,Monday,Evening,March
305,2019-02-23,12:29:00,Saturday,Afternoon,February
306,2019-03-26,20:14:00,Tuesday,Evening,March
307,2019-03-30,13:22:00,Saturday,Afternoon,March
308,2019-02-17,17:09:00,Sunday,Evening,February
309,2019-03-21,10:40:00,Thursday,Morning,March
310,2019-03-05,17:43:00,Tuesday,Evening,March
311,2019-01-31,14:04:00,Thursday,Afternoon,January
312,2019-02-05,19:05:00,Tuesday,Evening,February
313,2019-02-01,10:08:00,Friday,Morning,February
314,2019-03-07,13:12:00,Thursday,Afternoon,March
315,2019-02-10,20:51:00,Sunday,Evening,February
316,2019-02-14,17:29:00,Thursday,Evening,February
317,2019-02-09,10:25:00,Saturday,Morning,February
318,2019-01-10,11:34:00,Thursday,Morning,January
319,2019-03-11,18:58:00,Monday,Evening,March
320,2019-02-18,16:28:00,Monday,Evening,February
321,2019-02-26,20:26:00,Tuesday,Evening,February
322,2019-01-18,15:08:00,Friday,Afternoon,January
323,2019-02-15,18:03:00,Friday,Evening,February
324,2019-03-08,13:21:00,Friday,Afternoon,March
325,2019-01-17,12:48:00,Thursday,Afternoon,January
326,2019-03-12,19:53:00,Tuesday,Evening,March
327,2019-03-09,19:09:00,Saturday,Evening,March
328,2019-03-12,16:30:00,Tuesday,Evening,March
329,2019-01-25,10:11:00,Friday,Morning,January
330,2019-03-25,13:07:00,Monday,Afternoon,March
331,2019-02-07,18:48:00,Thursday,Evening,February
332,2019-02-17,17:27:00,Sunday,Evening,February
333,2019-02-03,15:59:00,Sunday,Afternoon,February
334,2019-03-14,11:21:00,Thursday,Morning,March
335,2019-03-24,13:48:00,Sunday,Afternoon,March
336,2019-03-21,10:17:00,Thursday,Morning,March
337,2019-03-19,15:49:00,Tuesday,Afternoon,March
338,2019-02-24,13:02:00,Sunday,Afternoon,February
339,2019-03-28,12:58:00,Thursday,Afternoon,March
340,2019-02-05,15:26:00,Tuesday,Afternoon,February
341,2019-02-10,18:23:00,Sunday,Evening,February
342,2019-03-05,19:06:00,Tuesday,Evening,March
343,2019-02-15,20:21:00,Friday,Evening,February
344,2019-01-30,16:24:00,Wednesday,Evening,January
345,2019-02-14,15:04:00,Thursday,Afternoon,February
346,2019-02-27,16:10:00,Wednesday,Evening,February
347,2019-02-04,12:14:00,Monday,Afternoon,February
348,2019-01-20,10:13:00,Sunday,Morning,January
349,2019-03-28,17:38:00,Thursday,Evening,March
350,2019-02-27,11:06:00,Wednesday,Morning,February
351,2019-02-15,14:53:00,Friday,Afternoon,February
352,2019-01-26,18:22:00,Saturday,Evening,January
353,2019-03-14,19:02:00,Thursday,Evening,March
354,2019-03-02,14:16:00,Saturday,Afternoon,March
355,2019-03-04,15:44:00,Monday,Afternoon,March
356,2019-01-07,12:20:00,Monday,Afternoon,January
357,2019-03-08,20:01:00,Friday,Evening,March
358,2019-01-09,13:45:00,Wednesday,Afternoon,January
359,2019-03-01,15:40:00,Friday,Afternoon,March
360,2019-03-16,16:58:00,Saturday,Evening,March
361,2019-02-17,11:12:00,Sunday,Morning,February
362,2019-02-27,15:12:00,Wednesday,Afternoon,February
363,2019-03-07,20:37:00,Thursday,Evening,March
364,2019-01-21,17:44:00,Monday,Evening,January
365,2019-02-19,16:23:00,Tuesday,Evening,February
366,2019-01-06,12:12:00,Sunday,Afternoon,January
367,2019-03-14,19:33:00,Thursday,Evening,March
368,2019-03-24,10:29:00,Sunday,Morning,March
369,2019-01-27,14:28:00,Sunday,Afternoon,January
370,2019-03-06,12:46:00,Wednesday,Afternoon,March
371,2019-02-02,19:40:00,Saturday,Evening,February
372,2019-01-25,19:39:00,Friday,Evening,January
373,2019-03-14,17:54:00,Thursday,Evening,March
374,2019-01-29,12:25:00,Tuesday,Afternoon,January
375,2019-01-03,16:47:00,Thursday,Evening,January
376,2019-01-14,12:52:00,Monday,Afternoon,January
377,2019-01-05,19:50:00,Saturday,Evening,January
378,2019-02-22,18:17:00,Friday,Evening,February
379,2019-02-06,17:20:00,Wednesday,Evening,February
380,2019-01-30,13:32:00,Wednesday,Afternoon,January
381,2019-01-11,10:37:00,Friday,Morning,January
382,2019-03-19,14:35:00,Tuesday,Afternoon,March
383,2019-01-14,12:09:00,Monday,Afternoon,January
384,2019-03-01,15:32:00,Friday,Afternoon,March
385,2019-01-06,13:58:00,Sunday,Afternoon,January
386,2019-01-31,13:19:00,Thursday,Afternoon,January
387,2019-03-11,13:37:00,Monday,Afternoon,March
388,2019-02-20,16:49:00,Wednesday,Evening,February
389,2019-01-27,14:55:00,Sunday,Afternoon,January
390,2019-03-10,14:04:00,Sunday,Afternoon,March
391,2019-02-15,12:31:00,Friday,Afternoon,February
392,2019-01-26,14:51:00,Saturday,Afternoon,January
393,2019-02-13,18:27:00,Wednesday,Evening,February
394,2019-03-09,12:45:00,Saturday,Afternoon,March
395,2019-03-06,10:36:00,Wednesday,Morning,March
396,2019-01-24,20:36:00,Thursday,Evening,January
397,2019-03-13,14:16:00,Wednesday,Afternoon,March
398,2019-03-15,10:26:00,Friday,Morning,March
399,2019-03-05,13:30:00,Tuesday,Afternoon,March
400,2019-03-04,16:28:00,Monday,Evening,March
401,2019-03-25,20:18:00,Monday,Evening,March
402,2019-03-12,20:04:00,Tuesday,Evening,March
403,2019-02-04,13:38:00,Monday,Afternoon,February
404,2019-02-22,10:43:00,Friday,Morning,February
405,2019-02-16,17:30:00,Saturday,Evening,February
406,2019-01-19,15:28:00,Saturday,Afternoon,January
407,2019-01-11,19:07:00,Friday,Evening,January
408,2019-01-04,19:01:00,Friday,Evening,January
409,2019-03-04,19:48:00,Monday,Evening,March
410,2019-01-28,19:24:00,Monday,Evening,January
411,2019-01-02,13:00:00,Wednesday,Afternoon,January
412,2019-01-25,14:29:00,Friday,Afternoon,January
413,2019-01-04,13:21:00,Friday,Afternoon,January
414,2019-03-10,18:55:00,Sunday,Evening,March
415,2019-03-22,19:36:00,Friday,Evening,March
416,2019-01-25,16:28:00,Friday,Evening,January
417,2019-01-08,13:48:00,Tuesday,Afternoon,January
418,2019-01-22,10:57:00,Tuesday,Morning,January
419,2019-01-12,17:13:00,Saturday,Evening,January
420,2019-02-04,10:23:00,Monday,Morning,February
421,2019-03-28,13:57:00,Thursday,Afternoon,March
422,2019-01-23,13:29:00,Wednesday,Afternoon,January
423,2019-02-08,13:00:00,Friday,Afternoon,February
424,2019-03-19,19:42:00,Tuesday,Evening,March
425,2019-03-09,15:36:00,Saturday,Afternoon,March
426,2019-01-02,13:40:00,Wednesday,Afternoon,January
427,2019-01-21,18:01:00,Monday,Evening,January
428,2019-03-20,13:53:00,Wednesday,Afternoon,March
429,2019-02-27,17:27:00,Wednesday,Evening,February
430,2019-03-08,10:53:00,Friday,Morning,March
431,2019-01-31,19:48:00,Thursday,Evening,January
432,2019-03-08,16:53:00,Friday,Evening,March
433,2019-01-13,19:14:00,Sunday,Evening,January
434,2019-03-09,14:36:00,Saturday,Afternoon,March
435,2019-02-22,18:19:00,Friday,Evening,February
436,2019-03-19,19:09:00,Tuesday,Evening,March
437,2019-01-20,16:51:00,Sunday,Evening,January
438,2019-03-08,15:37:00,Friday,Afternoon,March
439,2019-03-08,20:15:00,Friday,Evening,March
440,2019-02-07,14:38:00,Thursday,Afternoon,February
441,2019-01-15,19:25:00,Tuesday,Evening,January
442,2019-03-22,19:35:00,Friday,Evening,March
443,2019-01-15,15:42:00,Tuesday,Afternoon,January
444,2019-01-08,14:11:00,Tuesday,Afternoon,January
445,2019-01-15,10:43:00,Tuesday,Morning,January
446,2019-01-28,17:58:00,Monday,Evening,January
447,2019-02-14,11:26:00,Thursday,Morning,February
448,2019-03-10,17:38:00,Sunday,Evening,March
449,2019-01-12,20:07:00,Saturday,Evening,January
450,2019-03-26,11:02:00,Tuesday,Morning,March
451,2019-01-01,19:07:00,Tuesday,Evening,January
452,2019-01-02,18:50:00,Wednesday,Evening,January
453,2019-03-16,12:43:00,Saturday,Afternoon,March
454,2019-03-03,15:09:00,Sunday,Afternoon,March
455,2019-01-31,13:47:00,Thursday,Afternoon,January
456,2019-02-13,16:59:00,Wednesday,Evening,February
457,2019-02-15,14:15:00,Friday,Afternoon,February
458,2019-02-07,20:24:00,Thursday,Evening,February
459,2019-01-27,13:58:00,Sunday,Afternoon,January
460,2019-02-23,16:52:00,Saturday,Evening,February
461,2019-02-03,15:19:00,Sunday,Afternoon,February
462,2019-03-03,12:25:00,Sunday,Afternoon,March
463,2019-02-03,10:02:00,Sunday,Morning,February
464,2019-03-17,18:58:00,Sunday,Evening,March
465,2019-03-28,15:31:00,Thursday,Afternoon,March
466,2019-03-02,11:22:00,Saturday,Morning,March
467,2019-02-08,13:12:00,Friday,Afternoon,February
468,2019-03-22,18:33:00,Friday,Evening,March
469,2019-02-09,10:02:00,Saturday,Morning,February
470,2019-02-15,11:21:00,Friday,Morning,February
471,2019-01-23,12:10:00,Wednesday,Afternoon,January
472,2019-01-25,11:40:00,Friday,Morning,January
473,2019-02-02,18:31:00,Saturday,Evening,February
474,2019-03-30,17:58:00,Saturday,Evening,March
475,2019-03-30,17:04:00,Saturday,Evening,March
476,2019-02-25,20:35:00,Monday,Evening,February
477,2019-03-18,16:10:00,Monday,Evening,March
478,2019-03-07,16:54:00,Thursday,Evening,March
479,2019-03-16,10:11:00,Saturday,Morning,March
480,2019-01-29,11:26:00,Tuesday,Morning,January
481,2019-02-02,20:29:00,Saturday,Evening,February
482,2019-02-15,12:12:00,Friday,Afternoon,February
483,2019-01-08,13:05:00,Tuesday,Afternoon,January
484,2019-02-12,16:19:00,Tuesday,Evening,February
485,2019-01-01,19:48:00,Tuesday,Evening,January
486,2019-03-21,15:25:00,Thursday,Afternoon,March
487,2019-02-28,14:42:00,Thursday,Afternoon,February
488,2019-03-23,18:59:00,Saturday,Evening,March
489,2019-01-30,20:47:00,Wednesday,Evening,January
490,2019-02-04,13:21:00,Monday,Afternoon,February
491,2019-03-13,19:48:00,Wednesday,Evening,March
492,2019-03-15,18:20:00,Friday,Evening,March
493,2019-03-05,20:24:00,Tuesday,Evening,March
494,2019-03-05,13:44:00,Tuesday,Afternoon,March
495,2019-02-26,11:48:00,Tuesday,Morning,February
496,2019-03-20,14:14:00,Wednesday,Afternoon,March
497,2019-01-01,15:51:00,Tuesday,Afternoon,January
498,2019-01-27,11:17:00,Sunday,Morning,January
499,2019-01-21,17:36:00,Monday,Evening,January
500,2019-02-02,15:47:00,Saturday,Afternoon,February
501,2019-02-03,15:53:00,Sunday,Afternoon,February
502,2019-01-05,12:40:00,Saturday,Afternoon,January
503,2019-01-27,19:48:00,Sunday,Evening,January
504,2019-03-25,17:53:00,Monday,Evening,March
505,2019-02-25,16:36:00,Monday,Evening,February
506,2019-01-28,20:54:00,Monday,Evening,January
507,2019-01-08,12:50:00,Tuesday,Afternoon,January
508,2019-01-29,10:48:00,Tuesday,Morning,January
509,2019-03-29,14:28:00,Friday,Afternoon,March
510,2019-02-09,17:15:00,Saturday,Evening,February
511,2019-01-16,18:03:00,Wednesday,Evening,January
512,2019-01-05,17:29:00,Saturday,Evening,January
513,2019-01-27,18:05:00,Sunday,Evening,January
514,2019-03-14,12:07:00,Thursday,Afternoon,March
515,2019-02-23,19:49:00,Saturday,Evening,February
516,2019-03-18,15:52:00,Monday,Afternoon,March
517,2019-03-29,16:48:00,Friday,Evening,March
518,2019-01-22,20:46:00,Tuesday,Evening,January
519,2019-03-01,18:14:00,Friday,Evening,March
520,2019-01-17,15:05:00,Thursday,Afternoon,January
521,2019-03-26,10:34:00,Tuesday,Morning,March
522,2019-03-20,11:23:00,Wednesday,Morning,March
523,2019-02-06,13:55:00,Wednesday,Afternoon,February
524,2019-01-01,11:43:00,Tuesday,Morning,January
525,2019-01-27,14:36:00,Sunday,Afternoon,January
526,2019-02-25,16:03:00,Monday,Evening,February
527,2019-01-16,20:03:00,Wednesday,Evening,January
528,2019-01-13,14:55:00,Sunday,Afternoon,January
529,2019-02-07,11:28:00,Thursday,Morning,February
530,2019-02-17,19:41:00,Sunday,Evening,February
531,2019-02-12,19:01:00,Tuesday,Evening,February
532,2019-01-24,18:04:00,Thursday,Evening,January
533,2019-02-06,19:20:00,Wednesday,Evening,February
534,2019-03-26,10:31:00,Tuesday,Morning,March
535,2019-03-11,13:28:00,Monday,Afternoon,March
536,2019-02-07,11:36:00,Thursday,Morning,February
537,2019-01-05,11:32:00,Saturday,Morning,January
538,2019-03-07,11:44:00,Thursday,Morning,March
539,2019-02-25,17:16:00,Monday,Evening,February
540,2019-02-01,18:43:00,Friday,Evening,February
541,2019-01-22,11:00:00,Tuesday,Morning,January
542,2019-01-03,10:30:00,Thursday,Morning,January
543,2019-02-13,12:14:00,Wednesday,Afternoon,February
544,2019-01-28,16:43:00,Monday,Evening,January
545,2019-01-05,20:40:00,Saturday,Evening,January
546,2019-03-19,13:40:00,Tuesday,Afternoon,March
547,2019-01-12,16:23:00,Saturday,Evening,January
548,2019-01-07,12:08:00,Monday,Afternoon,January
549,2019-01-26,17:45:00,Saturday,Evening,January
550,2019-01-23,10:28:00,Wednesday,Morning,January
551,2019-02-09,20:31:00,Saturday,Evening,February
552,2019-02-22,10:49:00,Friday,Morning,February
553,2019-02-05,12:34:00,Tuesday,Afternoon,February
554,2019-03-07,10:23:00,Thursday,Morning,March
555,2019-03-25,18:51:00,Monday,Evening,March
556,2019-01-20,13:45:00,Sunday,Afternoon,January
557,2019-02-04,19:38:00,Monday,Evening,February
558,2019-01-30,20:23:00,Wednesday,Evening,January
559,2019-01-02,15:24:00,Wednesday,Afternoon,January
560,2019-03-29,16:54:00,Friday,Evening,March
561,2019-03-14,12:32:00,Thursday,Afternoon,March
562,2019-02-11,15:42:00,Monday,Afternoon,February
563,2019-01-30,13:58:00,Wednesday,Afternoon,January
564,2019-03-20,15:08:00,Wednesday,Afternoon,March
565,2019-03-20,13:02:00,Wednesday,Afternoon,March
566,2019-01-17,13:01:00,Thursday,Afternoon,January
567,2019-02-03,16:40:00,Sunday,Evening,February
568,2019-01-01,13:55:00,Tuesday,Afternoon,January
569,2019-01-10,10:33:00,Thursday,Morning,January
570,2019-03-02,16:42:00,Saturday,Evening,March
571,2019-02-25,17:16:00,Monday,Evening,February
572,2019-01-29,11:48:00,Tuesday,Morning,January
573,2019-03-10,19:35:00,Sunday,Evening,March
574,2019-01-13,19:55:00,Sunday,Evening,January
575,2019-03-22,14:33:00,Friday,Afternoon,March
576,2019-03-01,19:49:00,Friday,Evening,March
577,2019-02-20,18:43:00,Wednesday,Evening,February
578,2019-01-14,14:43:00,Monday,Afternoon,January
579,2019-03-26,13:54:00,Tuesday,Afternoon,March
580,2019-03-01,12:15:00,Friday,Afternoon,March
581,2019-01-07,12:37:00,Monday,Afternoon,January
582,2019-02-01,19:54:00,Friday,Evening,February
583,2019-02-13,15:06:00,Wednesday,Afternoon,February
584,2019-01-14,18:03:00,Monday,Evening,January
585,2019-01-19,15:58:00,Saturday,Afternoon,January
586,2019-03-09,13:53:00,Saturday,Afternoon,March
587,2019-03-27,14:03:00,Wednesday,Afternoon,March
588,2019-02-04,16:38:00,Monday,Evening,February
589,2019-03-14,11:07:00,Thursday,Morning,March
590,2019-03-04,12:23:00,Monday,Afternoon,March
591,2019-03-03,10:54:00,Sunday,Morning,March
592,2019-01-27,17:38:00,Sunday,Evening,January
593,2019-02-07,14:13:00,Thursday,Afternoon,February
594,2019-02-05,11:51:00,Tuesday,Morning,February
595,2019-03-15,13:05:00,Friday,Afternoon,March
596,2019-03-01,11:30:00,Friday,Morning,March
597,2019-02-15,13:30:00,Friday,Afternoon,February
598,2019-02-17,19:11:00,Sunday,Evening,February
599,2019-01-26,18:53:00,Saturday,Evening,January
600,2019-03-24,14:22:00,Sunday,Afternoon,March
601,2019-01-23,17:16:00,Wednesday,Evening,January
602,2019-01-26,10:06:00,Saturday,Morning,January
603,2019-03-14,20:35:00,Thursday,Evening,March
604,2019-03-17,13:54:00,Sunday,Afternoon,March
605,2019-01-08,20:08:00,Tuesday,Evening,January
606,2019-02-08,15:26:00,Friday,Afternoon,February
607,2019-02-10,12:56:00,Sunday,Afternoon,February
608,2019-03-28,19:16:00,Thursday,Evening,March
609,2019-01-23,12:20:00,Wednesday,Afternoon,January
610,2019-01-17,10:37:00,Thursday,Morning,January
611,2019-02-07,10:18:00,Thursday,Morning,February
612,2019-03-09,11:23:00,Saturday,Morning,March
613,2019-01-24,11:45:00,Thursday,Morning,January
614,2019-01-19,16:08:00,Saturday,Evening,January
615,2019-02-03,11:25:00,Sunday,Morning,February
616,2019-03-20,12:24:00,Wednesday,Afternoon,March
617,2019-01-13,19:51:00,Sunday,Evening,January
618,2019-03-14,18:10:00,Thursday,Evening,March
619,2019-01-23,11:22:00,Wednesday,Morning,January
620,2019-02-07,17:55:00,Thursday,Evening,February
621,2019-03-28,15:30:00,Thursday,Afternoon,March
622,2019-03-20,19:44:00,Wednesday,Evening,March
623,2019-01-17,15:27:00,Thursday,Afternoon,January
624,2019-01-12,11:25:00,Saturday,Morning,January
625,2019-02-16,15:42:00,Saturday,Afternoon,February
626,2019-01-26,16:04:00,Saturday,Evening,January
627,2019-03-09,12:37:00,Saturday,Afternoon,March
628,2019-03-14,14:41:00,Thursday,Afternoon,March
629,2019-01-25,14:19:00,Friday,Afternoon,January
630,2019-01-26,18:19:00,Saturday,Evening,January
631,2019-01-19,14:08:00,Saturday,Afternoon,January
632,2019-03-05,16:38:00,Tuesday,Evening,March
633,2019-01-15,10:54:00,Tuesday,Morning,January
634,2019-03-18,11:29:00,Monday,Morning,March
635,2019-03-20,19:28:00,Wednesday,Evening,March
636,2019-01-15,15:01:00,Tuesday,Afternoon,January
637,2019-03-03,20:31:00,Sunday,Evening,March
638,2019-03-19,12:16:00,Tuesday,Afternoon,March
639,2019-03-08,15:27:00,Friday,Afternoon,March
640,2019-02-27,17:36:00,Wednesday,Evening,February
641,2019-02-23,20:00:00,Saturday,Evening,February
642,2019-03-19,15:29:00,Tuesday,Afternoon,March
643,2019-03-27,15:08:00,Wednesday,Afternoon,March
644,2019-03-30,19:26:00,Saturday,Evening,March
645,2019-02-16,15:53:00,Saturday,Afternoon,February
646,2019-01-18,18:43:00,Friday,Evening,January
647,2019-03-30,14:58:00,Saturday,Afternoon,March
648,2019-03-20,19:55:00,Wednesday,Evening,March
649,2019-01-16,15:10:00,Wednesday,Afternoon,January
650,2019-02-24,16:44:00,Sunday,Evening,February
651,2019-01-15,18:22:00,Tuesday,Evening,January
652,2019-01-22,11:52:00,Tuesday,Morning,January
653,2019-02-03,17:24:00,Sunday,Evening,February
654,2019-03-06,15:31:00,Wednesday,Afternoon,March
655,2019-02-16,18:04:00,Saturday,Evening,February
656,2019-03-14,14:13:00,Thursday,Afternoon,March
657,2019-02-27,10:23:00,Wednesday,Morning,February
658,2019-01-18,10:11:00,Friday,Morning,January
659,2019-01-29,15:48:00,Tuesday,Afternoon,January
660,2019-02-26,17:46:00,Tuesday,Evening,February
661,2019-02-03,11:46:00,Sunday,Morning,February
662,2019-01-16,12:07:00,Wednesday,Afternoon,January
663,2019-03-24,18:14:00,Sunday,Evening,March
664,2019-02-12,14:45:00,Tuesday,Afternoon,February
665,2019-02-21,11:39:00,Thursday,Morning,February
666,2019-02-04,15:44:00,Monday,Afternoon,February
667,2019-02-20,13:06:00,Wednesday,Afternoon,February
668,2019-02-23,20:43:00,Saturday,Evening,February
669,2019-02-16,14:19:00,Saturday,Afternoon,February
670,2019-01-17,10:01:00,Thursday,Morning,January
671,2019-01-14,19:30:00,Monday,Evening,January
672,2019-03-30,16:34:00,Saturday,Evening,March
673,2019-03-02,13:10:00,Saturday,Afternoon,March
674,2019-02-15,17:10:00,Friday,Evening,February
675,2019-03-01,10:22:00,Friday,Morning,March
676,2019-02-24,19:57:00,Sunday,Evening,February
677,2019-02-19,19:29:00,Tuesday,Evening,February
678,2019-02-23,18:30:00,Saturday,Evening,February
679,2019-02-07,14:27:00,Thursday,Afternoon,February
680,2019-01-11,13:57:00,Friday,Afternoon,January
681,2019-02-12,19:43:00,Tuesday,Evening,February
682,2019-01-14,10:11:00,Monday,Morning,January
683,2019-01-09,13:46:00,Wednesday,Afternoon,January
684,2019-02-27,12:22:00,Wednesday,Afternoon,February
685,2019-01-24,19:20:00,Thursday,Evening,January
686,2019-01-08,12:58:00,Tuesday,Afternoon,January
687,2019-01-08,11:59:00,Tuesday,Morning,January
688,2019-01-16,17:59:00,Wednesday,Evening,January
689,2019-03-13,12:51:00,Wednesday,Afternoon,March
690,2019-02-15,10:36:00,Friday,Morning,February
691,2019-01-25,13:38:00,Friday,Afternoon,January
692,2019-03-12,19:39:00,Tuesday,Evening,March
693,2019-03-04,12:44:00,Monday,Afternoon,March
694,2019-02-10,13:56:00,Sunday,Afternoon,February
695,2019-01-16,14:42:00,Wednesday,Afternoon,January
696,2019-01-29,19:45:00,Tuesday,Evening,January
697,2019-01-01,20:26:00,Tuesday,Evening,January
698,2019-01-06,19:46:00,Sunday,Evening,January
699,2019-02-19,19:38:00,Tuesday,Evening,February
700,2019-01-12,16:18:00,Saturday,Evening,January
701,2019-02-07,12:23:00,Thursday,Afternoon,February
702,2019-03-27,19:11:00,Wednesday,Evening,March
703,2019-02-27,18:57:00,Wednesday,Evening,February
704,2019-01-06,11:18:00,Sunday,Morning,January
705,2019-03-02,12:40:00,Saturday,Afternoon,March
706,2019-03-29,14:06:00,Friday,Afternoon,March
707,2019-01-31,20:48:00,Thursday,Evening,January
708,2019-01-21,20:13:00,Monday,Evening,January
709,2019-01-20,20:37:00,Sunday,Evening,January
710,2019-01-17,17:59:00,Thursday,Evening,January
711,2019-02-28,20:18:00,Thursday,Evening,February
712,2019-03-19,15:52:00,Tuesday,Afternoon,March
713,2019-02-19,15:14:00,Tuesday,Afternoon,February
714,2019-02-04,12:50:00,Monday,Afternoon,February
715,2019-01-31,10:36:00,Thursday,Morning,January
716,2019-02-06,18:33:00,Wednesday,Evening,February
717,2019-03-28,16:06:00,Thursday,Evening,March
718,2019-01-19,12:47:00,Saturday,Afternoon,January
719,2019-02-17,13:34:00,Sunday,Afternoon,February
720,2019-01-18,15:04:00,Friday,Afternoon,January
721,2019-02-02,20:42:00,Saturday,Evening,February
722,2019-01-18,15:28:00,Friday,Afternoon,January
723,2019-03-18,13:45:00,Monday,Afternoon,March
724,2019-01-11,20:10:00,Friday,Evening,January
725,2019-02-04,18:53:00,Monday,Evening,February
726,2019-02-06,14:24:00,Wednesday,Afternoon,February
727,2019-01-08,11:42:00,Tuesday,Morning,January
728,2019-03-05,17:49:00,Tuesday,Evening,March
729,2019-03-16,15:33:00,Saturday,Afternoon,March
730,2019-03-09,10:54:00,Saturday,Morning,March
731,2019-03-01,16:23:00,Friday,Evening,March
732,2019-02-28,19:33:00,Thursday,Evening,February
733,2019-02-08,11:39:00,Friday,Morning,February
734,2019-01-24,10:38:00,Thursday,Morning,January
735,2019-03-01,20:03:00,Friday,Evening,March
736,2019-03-10,12:39:00,Sunday,Afternoon,March
737,2019-03-23,15:59:00,Saturday,Afternoon,March
738,2019-01-29,14:26:00,Tuesday,Afternoon,January
739,2019-01-12,18:22:00,Saturday,Evening,January
740,2019-03-20,11:32:00,Wednesday,Morning,March
741,2019-03-23,12:41:00,Saturday,Afternoon,March
742,2019-01-14,15:20:00,Monday,Afternoon,January
743,2019-02-12,14:33:00,Tuesday,Afternoon,February
744,2019-02-20,15:29:00,Wednesday,Afternoon,February
745,2019-01-02,16:19:00,Wednesday,Evening,January
746,2019-02-02,16:33:00,Saturday,Evening,February
747,2019-01-08,19:07:00,Tuesday,Evening,January
748,2019-01-30,14:43:00,Wednesday,Afternoon,January
749,2019-03-26,19:28:00,Tuesday,Evening,March
750,2019-01-15,20:44:00,Tuesday,Evening,January
751,2019-03-14,11:16:00,Thursday,Morning,March
752,2019-02-03,10:31:00,Sunday,Morning,February
753,2019-02-22,12:30:00,Friday,Afternoon,February
754,2019-01-24,15:05:00,Thursday,Afternoon,January
755,2019-01-25,18:30:00,Friday,Evening,January
756,2019-03-09,13:18:00,Saturday,Afternoon,March
757,2019-02-17,15:28:00,Sunday,Afternoon,February
758,2019-01-11,11:52:00,Friday,Morning,January
759,2019-02-27,18:24:00,Wednesday,Evening,February
760,2019-03-25,15:19:00,Monday,Afternoon,March
761,2019-02-11,10:38:00,Monday,Morning,February
762,2019-01-31,15:12:00,Thursday,Afternoon,January
763,2019-01-20,17:48:00,Sunday,Evening,January
764,2019-03-26,11:07:00,Tuesday,Morning,March
765,2019-01-20,15:48:00,Sunday,Afternoon,January
766,2019-03-05,19:40:00,Tuesday,Evening,March
767,2019-01-05,20:30:00,Saturday,Evening,January
768,2019-02-13,13:59:00,Wednesday,Afternoon,February
769,2019-03-16,18:51:00,Saturday,Evening,March
770,2019-01-15,17:24:00,Tuesday,Evening,January
771,2019-02-26,11:58:00,Tuesday,Morning,February
772,2019-02-27,19:01:00,Wednesday,Evening,February
773,2019-02-17,16:50:00,Sunday,Evening,February
774,2019-02-06,10:22:00,Wednesday,Morning,February
775,2019-01-17,16:46:00,Thursday,Evening,January
776,2019-01-22,18:08:00,Tuesday,Evening,January
777,2019-03-05,18:02:00,Tuesday,Evening,March
778,2019-01-03,13:07:00,Thursday,Afternoon,January
779,2019-03-20,17:52:00,Wednesday,Evening,March
780,2019-01-31,20:32:00,Thursday,Evening,January
781,2019-02-19,19:24:00,Tuesday,Evening,February
782,2019-02-11,16:06:00,Monday,Evening,February
783,2019-02-05,14:14:00,Tuesday,Afternoon,February
784,2019-03-03,17:36:00,Sunday,Evening,March
785,2019-02-24,13:08:00,Sunday,Afternoon,February
786,2019-02-04,16:09:00,Monday,Evening,February
787,2019-02-19,11:33:00,Tuesday,Morning,February
788,2019-01-23,10:18:00,Wednesday,Morning,January
789,2019-01-14,10:55:00,Monday,Morning,January
790,2019-01-17,15:15:00,Thursday,Afternoon,January
791,2019-03-03,20:06:00,Sunday,Evening,March
792,2019-02-15,20:21:00,Friday,Evening,February
793,2019-01-15,13:48:00,Tuesday,Afternoon,January
794,2019-02-27,12:52:00,Wednesday,Afternoon,February
795,2019-02-26,12:28:00,Tuesday,Afternoon,February
796,2019-03-15,16:26:00,Friday,Evening,March
797,2019-01-24,13:24:00,Thursday,Afternoon,January
798,2019-02-22,15:15:00,Friday,Afternoon,February
799,2019-03-15,10:50:00,Friday,Morning,March
800,2019-02-11,18:38:00,Monday,Evening,February
801,2019-01-12,16:45:00,Saturday,Evening,January
802,2019-03-03,19:30:00,Sunday,Evening,March
803,2019-03-23,13:23:00,Saturday,Afternoon,March
804,2019-03-04,11:27:00,Monday,Morning,March
805,2019-02-23,11:12:00,Saturday,Morning,February
806,2019-03-17,16:36:00,Sunday,Evening,March
807,2019-01-16,18:41:00,Wednesday,Evening,January
808,2019-01-08,17:12:00,Tuesday,Evening,January
809,2019-01-14,10:38:00,Monday,Morning,January
810,2019-01-31,10:33:00,Thursday,Morning,January
811,2019-03-15,14:38:00,Friday,Afternoon,March
812,2019-02-24,18:06:00,Sunday,Evening,February
813,2019-02-08,12:52:00,Friday,Afternoon,February
814,2019-03-22,14:00:00,Friday,Afternoon,March
815,2019-01-24,10:57:00,Thursday,Morning,January
816,2019-03-14,16:45:00,Thursday,Evening,March
817,2019-01-23,11:15:00,Wednesday,Morning,January
818,2019-01-19,20:29:00,Saturday,Evening,January
819,2019-01-27,20:03:00,Sunday,Evening,January
820,2019-02-03,14:35:00,Sunday,Afternoon,February
821,2019-03-25,16:32:00,Monday,Evening,March
822,2019-02-24,10:10:00,Sunday,Morning,February
823,2019-02-07,14:15:00,Thursday,Afternoon,February
824,2019-03-04,10:05:00,Monday,Morning,March
825,2019-02-14,11:36:00,Thursday,Morning,February
826,2019-01-29,18:15:00,Tuesday,Evening,January
827,2019-01-28,13:53:00,Monday,Afternoon,January
828,2019-03-26,18:37:00,Tuesday,Evening,March
829,2019-03-24,18:27:00,Sunday,Evening,March
830,2019-01-01,14:42:00,Tuesday,Afternoon,January
831,2019-01-24,17:43:00,Thursday,Evening,January
832,2019-02-25,18:37:00,Monday,Evening,February
833,2019-01-09,16:34:00,Wednesday,Evening,January
834,2019-02-14,14:42:00,Thursday,Afternoon,February
835,2019-03-12,11:01:00,Tuesday,Morning,March
836,2019-03-26,19:44:00,Tuesday,Evening,March
837,2019-01-09,13:34:00,Wednesday,Afternoon,January
838,2019-01-02,20:08:00,Wednesday,Evening,January
839,2019-01-15,15:01:00,Tuesday,Afternoon,January
840,2019-01-01,11:40:00,Tuesday,Morning,January
841,2019-02-15,15:21:00,Friday,Afternoon,February
842,2019-02-28,17:38:00,Thursday,Evening,February
843,2019-03-02,16:16:00,Saturday,Evening,March
844,2019-02-13,18:15:00,Wednesday,Evening,February
845,2019-01-26,12:43:00,Saturday,Afternoon,January
846,2019-01-30,11:32:00,Wednesday,Morning,January
847,2019-01-27,18:08:00,Sunday,Evening,January
848,2019-01-30,17:08:00,Wednesday,Evening,January
849,2019-01-08,19:38:00,Tuesday,Evening,January
850,2019-01-19,13:11:00,Saturday,Afternoon,January
851,2019-01-25,11:05:00,Friday,Morning,January
852,2019-02-19,10:12:00,Tuesday,Morning,February
853,2019-01-14,15:42:00,Monday,Afternoon,January
854,2019-02-25,11:58:00,Monday,Morning,February
855,2019-01-23,14:21:00,Wednesday,Afternoon,January
856,2019-02-16,10:52:00,Saturday,Morning,February
857,2019-01-01,19:31:00,Tuesday,Evening,January
858,2019-03-07,18:35:00,Thursday,Evening,March
859,2019-02-15,13:51:00,Friday,Afternoon,February
860,2019-01-23,12:35:00,Wednesday,Afternoon,January
861,2019-02-20,13:24:00,Wednesday,Afternoon,February
862,2019-01-08,18:06:00,Tuesday,Evening,January
863,2019-03-17,11:55:00,Sunday,Morning,March
864,2019-01-12,11:42:00,Saturday,Morning,January
865,2019-01-08,14:30:00,Tuesday,Afternoon,January
866,2019-01-26,15:11:00,Saturday,Afternoon,January
867,2019-03-15,14:48:00,Friday,Afternoon,March
868,2019-01-17,12:36:00,Thursday,Afternoon,January
869,2019-01-08,19:09:00,Tuesday,Evening,January
870,2019-01-06,13:35:00,Sunday,Afternoon,January
871,2019-02-16,10:33:00,Saturday,Morning,February
872,2019-03-13,15:45:00,Wednesday,Afternoon,March
873,2019-01-28,11:51:00,Monday,Morning,January
874,2019-01-18,17:26:00,Friday,Evening,January
875,2019-03-19,11:52:00,Tuesday,Morning,March
876,2019-03-15,14:04:00,Friday,Afternoon,March
877,2019-02-12,17:49:00,Tuesday,Evening,February
878,2019-02-25,20:19:00,Monday,Evening,February
879,2019-03-21,16:08:00,Thursday,Evening,March
880,2019-01-19,10:17:00,Saturday,Morning,January
881,2019-01-08,14:25:00,Tuesday,Afternoon,January
882,2019-03-30,12:51:00,Saturday,Afternoon,March
883,2019-02-20,15:18:00,Wednesday,Afternoon,February
884,2019-03-30,12:45:00,Saturday,Afternoon,March
885,2019-03-19,13:37:00,Tuesday,Afternoon,March
886,2019-01-13,10:03:00,Sunday,Morning,January
887,2019-02-05,19:42:00,Tuesday,Evening,February
888,2019-03-23,13:14:00,Saturday,Afternoon,March
889,2019-03-13,12:47:00,Wednesday,Afternoon,March
890,2019-03-17,19:53:00,Sunday,Evening,March
891,2019-02-21,10:26:00,Thursday,Morning,February
892,2019-02-07,15:06:00,Thursday,Afternoon,February
893,2019-03-02,16:35:00,Saturday,Evening,March
894,2019-03-06,20:57:00,Wednesday,Evening,March
895,2019-02-06,15:16:00,Wednesday,Afternoon,February
896,2019-01-28,17:47:00,Monday,Evening,January
897,2019-01-18,16:23:00,Friday,Evening,January
898,2019-02-05,10:17:00,Tuesday,Morning,February
899,2019-03-02,13:50:00,Saturday,Afternoon,March
900,2019-02-09,19:17:00,Saturday,Evening,February
901,2019-01-14,14:00:00,Monday,Afternoon,January
902,2019-02-09,12:02:00,Saturday,Afternoon,February
903,2019-03-26,20:21:00,Tuesday,Evening,March
904,2019-01-28,17:35:00,Monday,Evening,January
905,2019-02-14,12:42:00,Thursday,Afternoon,February
906,2019-03-24,17:56:00,Sunday,Evening,March
907,2019-02-09,18:58:00,Saturday,Evening,February
908,2019-03-24,14:08:00,Sunday,Afternoon,March
909,2019-03-27,16:30:00,Wednesday,Evening,March
910,2019-01-27,10:44:00,Sunday,Morning,January
911,2019-03-27,20:29:00,Wednesday,Evening,March
912,2019-01-19,11:43:00,Saturday,Morning,January
913,2019-02-07,10:09:00,Thursday,Morning,February
914,2019-01-31,10:00:00,Thursday,Morning,January
915,2019-02-25,18:45:00,Monday,Evening,February
916,2019-02-02,12:40:00,Saturday,Afternoon,February
917,2019-03-14,15:36:00,Thursday,Afternoon,March
918,2019-03-11,12:04:00,Monday,Afternoon,March
919,2019-02-22,11:26:00,Friday,Morning,February
920,2019-03-02,12:36:00,Saturday,Afternoon,March
921,2019-03-10,15:06:00,Sunday,Afternoon,March
922,2019-02-08,10:58:00,Friday,Morning,February
923,2019-02-22,12:10:00,Friday,Afternoon,February
924,2019-01-10,10:31:00,Thursday,Morning,January
925,2019-03-14,13:49:00,Thursday,Afternoon,March
926,2019-01-10,11:10:00,Thursday,Morning,January
927,2019-02-15,17:38:00,Friday,Evening,February
928,2019-01-13,17:54:00,Sunday,Evening,January
929,2019-02-15,20:51:00,Friday,Evening,February
930,2019-03-02,19:26:00,Saturday,Evening,March
931,2019-03-24,13:33:00,Sunday,Afternoon,March
932,2019-02-02,14:05:00,Saturday,Afternoon,February
933,2019-02-27,11:40:00,Wednesday,Morning,February
934,2019-01-20,12:27:00,Sunday,Afternoon,January
935,2019-01-03,20:24:00,Thursday,Evening,January
936,2019-01-24,20:59:00,Thursday,Evening,January
937,2019-01-05,19:48:00,Saturday,Evening,January
938,2019-03-30,10:18:00,Saturday,Morning,March
939,2019-02-17,16:27:00,Sunday,Evening,February
940,2019-03-21,17:04:00,Thursday,Evening,March
941,2019-03-02,18:14:00,Saturday,Evening,March
942,2019-03-27,10:43:00,Wednesday,Morning,March
943,2019-01-19,19:30:00,Saturday,Evening,January
944,2019-02-19,14:53:00,Tuesday,Afternoon,February
945,2019-03-28,20:14:00,Thursday,Evening,March
946,2019-01-05,11:51:00,Saturday,Morning,January
947,2019-03-26,14:13:00,Tuesday,Afternoon,March
948,2019-02-03,20:13:00,Sunday,Evening,February
949,2019-02-06,18:44:00,Wednesday,Evening,February
950,2019-02-24,14:26:00,Sunday,Afternoon,February
951,2019-02-21,12:40:00,Thursday,Afternoon,February
952,2019-01-09,18:43:00,Wednesday,Evening,January
953,2019-02-25,13:22:00,Monday,Afternoon,February
954,2019-01-13,13:58:00,Sunday,Afternoon,January
955,2019-02-09,11:45:00,Saturday,Morning,February
956,2019-01-06,11:51:00,Sunday,Morning,January
957,2019-01-10,17:16:00,Thursday,Evening,January
958,2019-02-07,15:55:00,Thursday,Afternoon,February
959,2019-01-09,12:07:00,Wednesday,Afternoon,January
960,2019-02-19,15:07:00,Tuesday,Afternoon,February
961,2019-03-18,15:29:00,Monday,Afternoon,March
962,2019-02-05,18:45:00,Tuesday,Evening,February
963,2019-03-19,15:23:00,Tuesday,Afternoon,March
964,2019-03-30,20:37:00,Saturday,Evening,March
965,2019-01-26,14:41:00,Saturday,Afternoon,January
966,2019-03-02,18:18:00,Saturday,Evening,March
967,2019-03-04,15:27:00,Monday,Afternoon,March
968,2019-01-13,12:55:00,Sunday,Afternoon,January
969,2019-03-25,18:02:00,Monday,Evening,March
970,2019-03-11,19:44:00,Monday,Evening,March
971,2019-01-01,11:36:00,Tuesday,Morning,January
972,2019-02-10,13:51:00,Sunday,Afternoon,February
973,2019-01-26,15:17:00,Saturday,Afternoon,January
974,2019-02-11,15:29:00,Monday,Afternoon,February
975,2019-02-07,17:59:00,Thursday,Evening,February
976,2019-03-06,11:55:00,Wednesday,Morning,March
977,2019-03-04,10:39:00,Monday,Morning,March
978,2019-02-26,15:10:00,Tuesday,Afternoon,February
979,2019-03-10,18:10:00,Sunday,Evening,March
980,2019-02-04,20:43:00,Monday,Evening,February
981,2019-01-19,12:46:00,Saturday,Afternoon,January
982,2019-01-23,17:44:00,Wednesday,Evening,January
983,2019-03-14,14:19:00,Thursday,Afternoon,March
984,2019-01-23,10:33:00,Wednesday,Morning,January
985,2019-01-09,11:40:00,Wednesday,Morning,January
986,2019-02-07,19:30:00,Thursday,Evening,February
987,2019-02-18,14:42:00,Monday,Afternoon,February
988,2019-01-03,19:08:00,Thursday,Evening,January
989,2019-03-29,19:12:00,Friday,Evening,March
990,2019-01-28,15:46:00,Monday,Afternoon,January
991,2019-03-22,19:06:00,Friday,Evening,March
992,2019-01-24,18:10:00,Thursday,Evening,January
993,2019-03-10,20:46:00,Sunday,Evening,March
994,2019-02-22,18:35:00,Friday,Evening,February
995,2019-02-18,11:40:00,Monday,Morning,February
996,2019-01-29,13:46:00,Tuesday,Afternoon,January
997,2019-03-02,17:16:00,Saturday,Evening,March
998,2019-02-09,13:22:00,Saturday,Afternoon,February
999,2019-02-22,15:33:00,Friday,Afternoon,February
1000,2019-02-18,13:28:00,Monday,Afternoon,February
